parcel_id,la_case_id,village_name,tehsil,district,state,area_ha,land_use_type,soil_class,irrigation_status,market_value_per_ha_inr,compensation_rate_per_ha_inr,latitude,longitude
1,1,Pammalur 19,Tiruchirappalli,Tiruchirappalli,Tamil Nadu,4.26,Forest,Saline,Irrigated,11648538,13673303,10.74175,78.68134
2,1,Kallikudi 2,Tiruchirappalli,Tiruchirappalli,Tamil Nadu,10.06,Forest,Red Soil,Non-Irrigated,7987066,9579538,10.79677,78.70328
3,1,Ayappan Pattinam 2,Tiruchirappalli,Tiruchirappalli,Tamil Nadu,17.47,Barren,Alluvial,Non-Irrigated,17229311,19173557,10.80246,78.65931
4,1,Karanai 20,Tiruchirappalli,Tiruchirappalli,Tamil Nadu,22.58,Barren,Saline,Irrigated,11781846,14766144,10.78413,78.72837
5,2,Oragadam 5,Tiruchirappalli,Tiruchirappalli,Tamil Nadu,20.43,Coastal,Urban Fill,Irrigated,13891365,16072806,10.83109,78.66385
6,2,Perungalathur 19,Tiruchirappalli,Tiruchirappalli,Tamil Nadu,20.06,Residential,Loamy,Partly Irrigated,12423697,14503754,10.82178,78.70212
7,2,Pammalur 2,Tiruchirappalli,Tiruchirappalli,Tamil Nadu,5.6,Agricultural,Loamy,Partly Irrigated,9317805,10146629,10.76438,78.66774
8,3,Sriperumbudur 18,Tiruchirappalli,Tiruchirappalli,Tamil Nadu,7.39,Agricultural,Alluvial,Non-Irrigated,21550275,26651184,10.78536,78.73322
9,3,Thogamalai 14,Tiruchirappalli,Tiruchirappalli,Tamil Nadu,10.43,Residential,Urban Fill,Partly Irrigated,6240717,8171066,10.80257,78.6868
10,3,Kelambakkam 18,Tiruchirappalli,Tiruchirappalli,Tamil Nadu,13.97,Barren,Black Cotton,Irrigated,6978867,7358133,10.75183,78.68829
11,3,Sholinganallur 12,Tiruchirappalli,Tiruchirappalli,Tamil Nadu,3.91,Barren,Alluvial,Non-Irrigated,15679392,20823509,10.79986,78.73386
12,4,Karanai 4,Tiruchirappalli,Tiruchirappalli,Tamil Nadu,7.46,Industrial,Urban Fill,Irrigated,79117382,87456114,10.78713,78.71178
13,4,Pammalur 13,Tiruchirappalli,Tiruchirappalli,Tamil Nadu,18.34,Barren,Urban Fill,Partly Irrigated,30697316,38627686,10.82543,78.64175
14,5,Madhavaram 19,Tiruchirappalli,Tiruchirappalli,Tamil Nadu,9.07,Industrial,Alluvial,Irrigated,42383669,55178205,10.75122,78.73513
15,5,Karanai 1,Tiruchirappalli,Tiruchirappalli,Tamil Nadu,10.55,Forest,Alluvial,Partly Irrigated,44618161,52895944,10.75635,78.68246
16,5,Kallikudi 1,Tiruchirappalli,Tiruchirappalli,Tamil Nadu,13.55,Forest,Loamy,Irrigated,50697577,56815235,10.78839,78.67715
17,5,Kelambakkam 20,Tiruchirappalli,Tiruchirappalli,Tamil Nadu,9.06,Industrial,Black Cotton,Non-Irrigated,27253168,28642107,10.72728,78.75259
18,6,Karanai 11,Tiruchirappalli,Tiruchirappalli,Tamil Nadu,24.09,Residential,Sandy,Partly Irrigated,9356889,11918920,10.76671,78.65199
19,6,Pammalur 3,Tiruchirappalli,Tiruchirappalli,Tamil Nadu,6.1,Coastal,Alluvial,Partly Irrigated,9485369,10921661,10.75936,78.7624
20,6,Kallikudi 16,Tiruchirappalli,Tiruchirappalli,Tamil Nadu,22.05,Forest,Alluvial,Partly Irrigated,13908669,18686088,10.75647,78.7561
21,6,Padur 7,Tiruchirappalli,Tiruchirappalli,Tamil Nadu,5.15,Barren,Urban Fill,Partly Irrigated,18593637,23371360,10.79966,78.74798
22,6,Padur 11,Tiruchirappalli,Tiruchirappalli,Tamil Nadu,9.77,Agricultural,Loamy,Partly Irrigated,5911108,6555757,10.8405,78.70624
23,6,Sriperumbudur 20,Tiruchirappalli,Tiruchirappalli,Tamil Nadu,8.0,Residential,Red Soil,Non-Irrigated,19736116,25135726,10.77951,78.75368
24,7,Oragadam 12,Tiruchirappalli,Tiruchirappalli,Tamil Nadu,22.45,Residential,Saline,Partly Irrigated,15555676,17704885,10.83619,78.75949
25,7,Samayapuram 10,Tiruchirappalli,Tiruchirappalli,Tamil Nadu,13.13,Agricultural,Black Cotton,Non-Irrigated,11556648,13303612,10.79206,78.76283
26,7,Karanai 9,Tiruchirappalli,Tiruchirappalli,Tamil Nadu,22.03,Residential,Red Soil,Irrigated,21101377,24726202,10.79196,78.71671
27,7,Madhavaram 19,Tiruchirappalli,Tiruchirappalli,Tamil Nadu,20.59,Coastal,Urban Fill,Partly Irrigated,11048352,12081269,10.75842,78.72403
28,7,Karanai 8,Tiruchirappalli,Tiruchirappalli,Tamil Nadu,16.64,Forest,Red Soil,Partly Irrigated,12922552,16457008,10.82695,78.658
29,7,Perungalathur 9,Tiruchirappalli,Tiruchirappalli,Tamil Nadu,20.7,Commercial,Saline,Partly Irrigated,11743064,13006984,10.83595,78.69817
30,8,Kelambakkam 17,Karur,Karur,Tamil Nadu,22.73,Commercial,Alluvial,Partly Irrigated,41112867,50533362,10.99072,78.08108
31,8,Neelambur 20,Karur,Karur,Tamil Nadu,17.1,Residential,Alluvial,Non-Irrigated,63502242,69153132,10.99659,78.07725
32,8,Perungalathur 20,Karur,Karur,Tamil Nadu,4.77,Coastal,Loamy,Partly Irrigated,50265822,65273477,10.97018,78.05806
33,8,Padur 16,Karur,Karur,Tamil Nadu,6.54,Agricultural,Loamy,Partly Irrigated,43722592,49981450,11.00837,78.03342
34,8,Sholinganallur 15,Karur,Karur,Tamil Nadu,20.15,Agricultural,Sandy,Irrigated,50348407,61800496,11.00754,78.08483
35,8,Karanai 12,Karur,Karur,Tamil Nadu,14.26,Forest,Red Soil,Partly Irrigated,47635798,53767086,10.94863,78.12102
36,9,Nandambakkam 1,Karur,Karur,Tamil Nadu,8.82,Residential,Sandy,Irrigated,24019108,31467748,10.99585,78.09244
37,9,Neelambur 4,Karur,Karur,Tamil Nadu,16.99,Coastal,Black Cotton,Non-Irrigated,17771069,20303351,10.99203,78.0407
38,10,Madhavaram 13,Karur,Karur,Tamil Nadu,10.52,Industrial,Sandy,Irrigated,16659228,19006824,10.98147,78.06743
39,10,Padur 4,Karur,Karur,Tamil Nadu,17.43,Barren,Alluvial,Irrigated,11633899,12602875,10.99958,78.09851
40,10,Madhavaram 12,Karur,Karur,Tamil Nadu,14.32,Industrial,Red Soil,Partly Irrigated,14459942,19461366,10.99904,78.04833
41,10,Kelambakkam 6,Karur,Karur,Tamil Nadu,18.45,Residential,Red Soil,Non-Irrigated,6485907,7912281,10.98755,78.0285
42,10,Perungalathur 20,Karur,Karur,Tamil Nadu,4.39,Forest,Saline,Partly Irrigated,13496432,15444100,10.96853,78.05127
43,11,Karanai 20,Karur,Karur,Tamil Nadu,12.66,Industrial,Loamy,Irrigated,11948833,14522719,11.00487,78.08419
44,11,Ayappan Pattinam 10,Karur,Karur,Tamil Nadu,5.99,Industrial,Loamy,Non-Irrigated,13216385,16752186,10.97992,78.09455
45,11,Oragadam 6,Karur,Karur,Tamil Nadu,16.21,Coastal,Saline,Partly Irrigated,13636028,15334269,10.97067,78.12372
46,12,Padur 1,Karur,Karur,Tamil Nadu,21.56,Commercial,Saline,Irrigated,28562315,35357975,10.94876,78.04543
47,12,Perungalathur 12,Karur,Karur,Tamil Nadu,22.26,Commercial,Urban Fill,Non-Irrigated,41276332,47973724,10.9281,78.09488
48,12,Kelambakkam 5,Karur,Karur,Tamil Nadu,4.55,Residential,Saline,Non-Irrigated,63908280,72279285,10.92496,78.0598
49,13,Samayapuram 16,Karur,Karur,Tamil Nadu,4.12,Coastal,Loamy,Irrigated,40124383,52465945,10.98965,78.04737
50,13,Karanai 13,Karur,Karur,Tamil Nadu,16.78,Commercial,Urban Fill,Irrigated,50432262,60558709,11.00426,78.09443
51,13,Madhavaram 3,Karur,Karur,Tamil Nadu,14.69,Forest,Black Cotton,Non-Irrigated,42187779,50711870,10.98653,78.10267
52,13,Oragadam 15,Karur,Karur,Tamil Nadu,6.45,Residential,Black Cotton,Irrigated,40212437,43307286,10.91271,78.13276
53,13,Manapakkam 6,Karur,Karur,Tamil Nadu,20.69,Commercial,Loamy,Irrigated,44735949,54875863,10.94658,78.05811
54,14,Padur 9,Salem,Salem,Tamil Nadu,10.45,Industrial,Loamy,Partly Irrigated,12381301,16523808,11.7108,78.17373
55,14,Siruseri 3,Salem,Salem,Tamil Nadu,17.08,Coastal,Alluvial,Irrigated,21538781,23303090,11.71214,78.13858
56,14,Ayappan Pattinam 6,Salem,Salem,Tamil Nadu,21.36,Residential,Saline,Irrigated,21203275,25826483,11.65732,78.09368
57,14,Oragadam 12,Salem,Salem,Tamil Nadu,15.15,Agricultural,Red Soil,Irrigated,23158534,30529749,11.62622,78.19605
58,14,Thogamalai 14,Salem,Salem,Tamil Nadu,17.03,Residential,Saline,Partly Irrigated,14045022,18134180,11.66688,78.16675
59,14,Sriperumbudur 9,Salem,Salem,Tamil Nadu,10.2,Industrial,Loamy,Partly Irrigated,10445083,13466677,11.62515,78.18874
60,15,Siruseri 13,Salem,Salem,Tamil Nadu,11.43,Commercial,Loamy,Partly Irrigated,74505556,86814819,11.62062,78.19198
61,15,Ayappan Pattinam 2,Salem,Salem,Tamil Nadu,18.65,Residential,Loamy,Non-Irrigated,36947721,40768065,11.63556,78.14933
62,15,Oragadam 10,Salem,Salem,Tamil Nadu,18.95,Agricultural,Black Cotton,Partly Irrigated,28199054,33975552,11.6695,78.10198
63,16,Ayappan Pattinam 8,Salem,Salem,Tamil Nadu,5.23,Barren,Saline,Irrigated,17351846,20046130,11.7055,78.20286
64,16,Samayapuram 3,Salem,Salem,Tamil Nadu,4.47,Residential,Loamy,Non-Irrigated,21408139,23146377,11.63539,78.09034
65,16,Karanai 13,Salem,Salem,Tamil Nadu,11.14,Coastal,Red Soil,Non-Irrigated,15700317,17615119,11.68568,78.20189
66,17,Kelambakkam 17,Salem,Salem,Tamil Nadu,15.02,Commercial,Loamy,Partly Irrigated,23639827,31865763,11.61803,78.16461
67,17,Nandambakkam 9,Salem,Salem,Tamil Nadu,12.66,Forest,Urban Fill,Irrigated,19377565,23204515,11.66483,78.11138
68,17,Oragadam 6,Salem,Salem,Tamil Nadu,24.25,Barren,Sandy,Partly Irrigated,8619711,11130269,11.64009,78.19934
69,17,Sholinganallur 20,Salem,Salem,Tamil Nadu,7.79,Commercial,Saline,Partly Irrigated,12602188,16474472,11.68753,78.16214
70,17,Kallikudi 6,Salem,Salem,Tamil Nadu,20.8,Barren,Loamy,Non-Irrigated,17134791,22507154,11.67232,78.18202
71,17,Ayappan Pattinam 2,Salem,Salem,Tamil Nadu,17.38,Coastal,Red Soil,Partly Irrigated,14423102,19464853,11.64755,78.14314
72,18,Thogamalai 2,Salem,Salem,Tamil Nadu,14.24,Industrial,Sandy,Partly Irrigated,41214760,51287325,11.6115,78.12195
73,18,Oragadam 4,Salem,Salem,Tamil Nadu,3.97,Commercial,Loamy,Partly Irrigated,47684094,60053002,11.71792,78.19834
74,18,Madhavaram 5,Salem,Salem,Tamil Nadu,10.68,Commercial,Red Soil,Irrigated,79692727,85214636,11.6443,78.20189
75,18,Thogamalai 1,Salem,Salem,Tamil Nadu,15.5,Residential,Saline,Partly Irrigated,44285436,51197501,11.70036,78.13322
76,18,Karanai 3,Salem,Salem,Tamil Nadu,11.95,Residential,Loamy,Non-Irrigated,48942908,64280857,11.71707,78.18162
77,18,Manapakkam 17,Salem,Salem,Tamil Nadu,14.93,Forest,Saline,Non-Irrigated,48231283,62033609,11.6683,78.09589
78,19,Neelambur 6,Salem,Salem,Tamil Nadu,6.93,Residential,Alluvial,Non-Irrigated,21327439,26775670,11.64875,78.0959
79,19,Madhavaram 12,Salem,Salem,Tamil Nadu,9.32,Forest,Loamy,Partly Irrigated,8884963,9864493,11.62628,78.1089
80,19,Thogamalai 19,Salem,Salem,Tamil Nadu,17.86,Forest,Saline,Irrigated,12153136,14406231,11.61955,78.09182
81,19,Neelambur 11,Salem,Salem,Tamil Nadu,18.19,Barren,Urban Fill,Non-Irrigated,17645562,23360463,11.68972,78.12315
82,19,Manapakkam 11,Salem,Salem,Tamil Nadu,5.51,Residential,Saline,Irrigated,15464822,16420512,11.64969,78.17648
83,20,Siruseri 5,Salem,Salem,Tamil Nadu,8.0,Commercial,Urban Fill,Partly Irrigated,74047584,89339787,11.65345,78.11824
84,20,Nandambakkam 5,Salem,Salem,Tamil Nadu,5.12,Coastal,Urban Fill,Irrigated,56698053,72516563,11.63084,78.16603
85,20,Perungalathur 11,Salem,Salem,Tamil Nadu,14.78,Coastal,Saline,Partly Irrigated,55403434,62357983,11.64753,78.09854
86,20,Padur 14,Salem,Salem,Tamil Nadu,16.05,Commercial,Black Cotton,Partly Irrigated,48884748,64353480,11.63481,78.15326
87,20,Siruseri 1,Salem,Salem,Tamil Nadu,6.87,Coastal,Black Cotton,Irrigated,74837018,97418523,11.61872,78.18534
88,21,Oragadam 5,Tirunelveli,Tirunelveli,Tamil Nadu,5.55,Industrial,Urban Fill,Partly Irrigated,23649591,27924490,8.75493,77.77167
89,21,Pammalur 17,Tirunelveli,Tirunelveli,Tamil Nadu,16.87,Coastal,Red Soil,Non-Irrigated,7884425,9612162,8.74631,77.82127
90,21,Neelambur 13,Tirunelveli,Tirunelveli,Tamil Nadu,14.93,Coastal,Saline,Non-Irrigated,12279541,15216133,8.7663,77.79023
91,21,Pammalur 17,Tirunelveli,Tirunelveli,Tamil Nadu,14.6,Residential,Sandy,Partly Irrigated,17611577,23691144,8.74852,77.81446
92,21,Madhavaram 7,Tirunelveli,Tirunelveli,Tamil Nadu,19.14,Residential,Alluvial,Irrigated,8303125,11198288,8.75709,77.7772
93,22,Kelambakkam 9,Tirunelveli,Tirunelveli,Tamil Nadu,22.14,Coastal,Loamy,Non-Irrigated,8781580,9285977,8.70429,77.77043
94,22,Samayapuram 4,Tirunelveli,Tirunelveli,Tamil Nadu,11.9,Barren,Loamy,Non-Irrigated,18073528,23051103,8.67298,77.70829
95,22,Oragadam 16,Tirunelveli,Tirunelveli,Tamil Nadu,4.21,Agricultural,Red Soil,Irrigated,9137548,12271156,8.65426,77.71094
96,22,Karanai 4,Tirunelveli,Tirunelveli,Tamil Nadu,5.92,Agricultural,Black Cotton,Partly Irrigated,11003658,13779546,8.7089,77.71752
97,23,Ayappan Pattinam 14,Tirunelveli,Tirunelveli,Tamil Nadu,16.06,Agricultural,Urban Fill,Irrigated,17631469,19025039,8.67978,77.70826
98,23,Nandambakkam 17,Tirunelveli,Tirunelveli,Tamil Nadu,3.26,Industrial,Red Soil,Non-Irrigated,6533945,7506533,8.66555,77.75713
99,23,Padur 15,Tirunelveli,Tirunelveli,Tamil Nadu,6.21,Commercial,Urban Fill,Partly Irrigated,15473099,18064188,8.70795,77.78751
100,23,Ayappan Pattinam 17,Tirunelveli,Tirunelveli,Tamil Nadu,18.32,Industrial,Black Cotton,Irrigated,7035466,7462804,8.69909,77.77518
101,23,Ayappan Pattinam 9,Tirunelveli,Tirunelveli,Tamil Nadu,15.66,Coastal,Alluvial,Partly Irrigated,8965404,11825003,8.64739,77.75011
102,23,Oragadam 5,Tirunelveli,Tirunelveli,Tamil Nadu,12.71,Coastal,Sandy,Non-Irrigated,6589439,7161248,8.75954,77.77008
103,24,Kelambakkam 17,Karur,Karur,Tamil Nadu,8.29,Coastal,Saline,Partly Irrigated,47750184,50525873,10.99848,78.09194
104,24,Manapakkam 11,Karur,Karur,Tamil Nadu,23.7,Commercial,Loamy,Irrigated,43858887,53340346,10.92323,78.03413
105,24,Sriperumbudur 9,Karur,Karur,Tamil Nadu,15.2,Agricultural,Red Soil,Irrigated,54310119,72802715,11.00808,78.0534
106,24,Karanai 12,Karur,Karur,Tamil Nadu,17.12,Commercial,Sandy,Irrigated,47416193,60419894,10.95665,78.11459
107,24,Madhavaram 1,Karur,Karur,Tamil Nadu,10.56,Industrial,Loamy,Partly Irrigated,46245699,61296594,10.98229,78.07395
108,24,Pammalur 3,Karur,Karur,Tamil Nadu,3.61,Agricultural,Loamy,Non-Irrigated,79552798,100308740,10.9978,78.05776
109,25,Pammalur 3,Karur,Karur,Tamil Nadu,14.64,Barren,Saline,Irrigated,53128470,60952635,10.99871,78.05046
110,25,Oragadam 10,Karur,Karur,Tamil Nadu,10.85,Coastal,Loamy,Partly Irrigated,34972915,40531013,10.97819,78.13171
111,26,Samayapuram 7,Karur,Karur,Tamil Nadu,11.47,Agricultural,Red Soil,Non-Irrigated,6106033,7621486,10.93472,78.10634
112,26,Oragadam 17,Karur,Karur,Tamil Nadu,24.21,Coastal,Loamy,Irrigated,9706606,12271021,10.979,78.08261
113,26,Madhavaram 7,Karur,Karur,Tamil Nadu,15.02,Barren,Loamy,Irrigated,11687018,13094979,10.96081,78.05529
114,26,Nandambakkam 19,Karur,Karur,Tamil Nadu,12.77,Industrial,Saline,Non-Irrigated,16260566,20696208,10.91083,78.07709
115,26,Samayapuram 4,Karur,Karur,Tamil Nadu,3.48,Forest,Urban Fill,Non-Irrigated,8548568,9300136,11.00317,78.11192
116,27,Pudur 7,Karur,Karur,Tamil Nadu,13.9,Residential,Sandy,Non-Irrigated,13126012,14714136,10.94571,78.09989
117,27,Sholinganallur 11,Karur,Karur,Tamil Nadu,10.94,Coastal,Red Soil,Non-Irrigated,13592660,16807276,10.93616,78.06799
118,27,Nandambakkam 11,Karur,Karur,Tamil Nadu,24.96,Agricultural,Alluvial,Irrigated,20914503,26580738,10.94534,78.10844
119,27,Nandambakkam 14,Karur,Karur,Tamil Nadu,21.85,Barren,Red Soil,Partly Irrigated,9862015,10387040,10.91999,78.13158
120,28,Oragadam 3,Karur,Karur,Tamil Nadu,5.72,Coastal,Saline,Irrigated,16261467,20472446,10.96593,78.09873
121,28,Kallikudi 17,Karur,Karur,Tamil Nadu,6.97,Agricultural,Red Soil,Partly Irrigated,20297149,22383212,10.9432,78.06511
122,28,Oragadam 3,Karur,Karur,Tamil Nadu,5.28,Forest,Loamy,Partly Irrigated,15079135,16053987,10.95823,78.09473
123,29,Sriperumbudur 2,Karur,Karur,Tamil Nadu,16.22,Industrial,Loamy,Irrigated,14506279,15590441,10.99404,78.07909
124,29,Kelambakkam 1,Karur,Karur,Tamil Nadu,6.56,Industrial,Urban Fill,Partly Irrigated,8923007,11128253,10.94885,78.06766
125,29,Oragadam 18,Karur,Karur,Tamil Nadu,5.62,Barren,Red Soil,Non-Irrigated,20259873,27322501,10.96719,78.05034
126,30,Madhavaram 12,Karur,Karur,Tamil Nadu,14.12,Forest,Loamy,Non-Irrigated,19781060,25360502,10.98682,78.0528
127,30,Kelambakkam 17,Karur,Karur,Tamil Nadu,3.8,Commercial,Sandy,Non-Irrigated,11633987,13205880,11.00195,78.08978
128,30,Sriperumbudur 12,Karur,Karur,Tamil Nadu,23.57,Forest,Saline,Partly Irrigated,14118431,15982111,10.94336,78.10676
129,30,Neelambur 16,Karur,Karur,Tamil Nadu,3.64,Barren,Sandy,Irrigated,21092945,23765297,10.93632,78.03182
130,30,Karanai 9,Karur,Karur,Tamil Nadu,15.2,Forest,Loamy,Irrigated,9922882,12135403,10.91952,78.09546
131,30,Pammalur 7,Karur,Karur,Tamil Nadu,17.24,Forest,Urban Fill,Irrigated,11772677,13622462,10.9878,78.08795
132,31,Oragadam 9,Karur,Karur,Tamil Nadu,4.19,Barren,Urban Fill,Non-Irrigated,43914574,50594643,11.00215,78.10297
133,31,Padur 19,Karur,Karur,Tamil Nadu,20.97,Industrial,Red Soil,Partly Irrigated,70796103,78372542,10.9258,78.12421
134,31,Kallikudi 17,Karur,Karur,Tamil Nadu,17.73,Agricultural,Black Cotton,Non-Irrigated,79010553,91916187,10.94894,78.06236
135,31,Samayapuram 10,Karur,Karur,Tamil Nadu,17.52,Commercial,Alluvial,Partly Irrigated,68061401,72662031,10.96813,78.02489
136,31,Perungalathur 16,Karur,Karur,Tamil Nadu,5.7,Commercial,Loamy,Non-Irrigated,31953622,33687235,10.96479,78.04318
137,31,Ayappan Pattinam 19,Karur,Karur,Tamil Nadu,12.19,Commercial,Alluvial,Partly Irrigated,40488581,44672117,10.95399,78.11723
138,32,Pudur 20,Karur,Karur,Tamil Nadu,17.78,Residential,Red Soil,Non-Irrigated,7722611,9346092,10.98485,78.03306
139,32,Pammalur 3,Karur,Karur,Tamil Nadu,14.73,Commercial,Alluvial,Non-Irrigated,11159789,13065844,10.99679,78.05962
140,32,Sriperumbudur 14,Karur,Karur,Tamil Nadu,16.16,Coastal,Loamy,Partly Irrigated,7107019,8866673,10.94197,78.13428
141,32,Kallikudi 8,Karur,Karur,Tamil Nadu,12.33,Forest,Saline,Irrigated,11176280,13202273,10.98489,78.02524
142,33,Pudur 19,Karur,Karur,Tamil Nadu,18.55,Commercial,Loamy,Non-Irrigated,12807445,13871233,10.97812,78.06101
143,33,Sriperumbudur 7,Karur,Karur,Tamil Nadu,20.94,Industrial,Alluvial,Irrigated,20774402,24741855,10.92755,78.08786
144,33,Samayapuram 20,Karur,Karur,Tamil Nadu,23.72,Coastal,Red Soil,Irrigated,13260382,14855831,10.99007,78.11929
145,33,Pammalur 4,Karur,Karur,Tamil Nadu,21.18,Agricultural,Loamy,Non-Irrigated,19527521,26170054,11.01756,78.1091
146,34,Sriperumbudur 3,Tirunelveli,Tirunelveli,Tamil Nadu,4.01,Coastal,Urban Fill,Partly Irrigated,19028202,21900114,8.73277,77.79478
147,34,Samayapuram 14,Tirunelveli,Tirunelveli,Tamil Nadu,6.1,Agricultural,Alluvial,Non-Irrigated,9515414,10241548,8.76248,77.71987
148,34,Nandambakkam 6,Tirunelveli,Tirunelveli,Tamil Nadu,13.34,Commercial,Red Soil,Partly Irrigated,8173098,9830603,8.70239,77.7049
149,35,Sholinganallur 4,Tirunelveli,Tirunelveli,Tamil Nadu,15.09,Agricultural,Urban Fill,Partly Irrigated,44368300,47645904,8.69779,77.78906
150,35,Oragadam 7,Tirunelveli,Tirunelveli,Tamil Nadu,19.5,Forest,Alluvial,Partly Irrigated,39401757,50405048,8.74526,77.69972
151,35,Sholinganallur 7,Tirunelveli,Tirunelveli,Tamil Nadu,20.5,Residential,Black Cotton,Irrigated,51016689,61709720,8.74715,77.75508
152,35,Manapakkam 7,Tirunelveli,Tirunelveli,Tamil Nadu,9.98,Residential,Black Cotton,Irrigated,53553822,63635614,8.75804,77.72729
153,35,Padur 6,Tirunelveli,Tirunelveli,Tamil Nadu,12.86,Coastal,Saline,Non-Irrigated,44094936,57886259,8.67368,77.73954
154,36,Padur 3,Tirunelveli,Tirunelveli,Tamil Nadu,5.82,Barren,Black Cotton,Non-Irrigated,14708011,18638094,8.72634,77.79147
155,36,Neelambur 8,Tirunelveli,Tirunelveli,Tamil Nadu,12.66,Forest,Saline,Partly Irrigated,13686598,18229099,8.71735,77.72693
156,37,Manapakkam 18,Tirunelveli,Tirunelveli,Tamil Nadu,22.88,Agricultural,Red Soil,Non-Irrigated,8228509,9548065,8.65664,77.69617
157,37,Kallikudi 13,Tirunelveli,Tirunelveli,Tamil Nadu,8.33,Forest,Black Cotton,Non-Irrigated,9883081,11148216,8.67953,77.71001
158,37,Pudur 10,Tirunelveli,Tirunelveli,Tamil Nadu,6.3,Industrial,Loamy,Partly Irrigated,14370906,18090333,8.76054,77.78391
159,37,Pudur 3,Tirunelveli,Tirunelveli,Tamil Nadu,17.94,Commercial,Saline,Non-Irrigated,23465731,29476335,8.73861,77.7204
160,38,Neelambur 16,Tirunelveli,Tirunelveli,Tamil Nadu,23.32,Coastal,Red Soil,Non-Irrigated,11190071,14361655,8.74859,77.77883
161,38,Nandambakkam 20,Tirunelveli,Tirunelveli,Tamil Nadu,3.91,Industrial,Sandy,Non-Irrigated,20192816,26940482,8.77161,77.69768
162,38,Siruseri 19,Tirunelveli,Tirunelveli,Tamil Nadu,14.25,Barren,Saline,Irrigated,16258061,17598339,8.73589,77.72606
163,38,Karanai 9,Tirunelveli,Tirunelveli,Tamil Nadu,3.12,Coastal,Red Soil,Irrigated,16964643,18575751,8.73292,77.77184
164,38,Pammalur 16,Tirunelveli,Tirunelveli,Tamil Nadu,9.29,Residential,Alluvial,Non-Irrigated,13091996,16588762,8.73361,77.73375
165,38,Ayappan Pattinam 1,Tirunelveli,Tirunelveli,Tamil Nadu,11.04,Coastal,Black Cotton,Non-Irrigated,19568253,25418207,8.7219,77.72639
166,39,Perungalathur 19,Tirunelveli,Tirunelveli,Tamil Nadu,10.29,Commercial,Alluvial,Irrigated,5337011,7196507,8.76533,77.7127
167,39,Madhavaram 15,Tirunelveli,Tirunelveli,Tamil Nadu,22.04,Agricultural,Alluvial,Irrigated,15732408,19710491,8.69447,77.71847
168,40,Madhavaram 15,Cuddalore,Cuddalore,Tamil Nadu,22.05,Barren,Saline,Non-Irrigated,14902170,19521194,11.78208,79.69489
169,40,Pammalur 20,Cuddalore,Cuddalore,Tamil Nadu,19.94,Residential,Black Cotton,Irrigated,16467495,18445407,11.78452,79.6161
170,41,Neelambur 5,Cuddalore,Cuddalore,Tamil Nadu,3.26,Barren,Loamy,Non-Irrigated,65101888,80728220,11.75251,79.65421
171,41,Neelambur 6,Cuddalore,Cuddalore,Tamil Nadu,6.3,Commercial,Saline,Irrigated,43741885,59010218,11.73274,79.61479
172,42,Padur 18,Cuddalore,Cuddalore,Tamil Nadu,22.28,Agricultural,Loamy,Non-Irrigated,10036093,12607491,11.73779,79.64662
173,42,Madhavaram 18,Cuddalore,Cuddalore,Tamil Nadu,24.01,Residential,Alluvial,Non-Irrigated,7613208,8425212,11.7161,79.61321
174,42,Pudur 2,Cuddalore,Cuddalore,Tamil Nadu,18.15,Coastal,Sandy,Irrigated,17798472,20289191,11.69832,79.59848
175,43,Madhavaram 2,Cuddalore,Cuddalore,Tamil Nadu,16.82,Industrial,Loamy,Irrigated,44929100,58084602,11.71833,79.65468
176,43,Sriperumbudur 14,Cuddalore,Cuddalore,Tamil Nadu,8.6,Industrial,Urban Fill,Non-Irrigated,32840469,42758648,11.78867,79.69903
177,44,Neelambur 6,Cuddalore,Cuddalore,Tamil Nadu,9.32,Barren,Saline,Partly Irrigated,20484152,25054871,11.72572,79.62259
178,44,Madhavaram 6,Cuddalore,Cuddalore,Tamil Nadu,7.28,Coastal,Red Soil,Partly Irrigated,22725705,25343382,11.69417,79.65909
179,44,Manapakkam 11,Cuddalore,Cuddalore,Tamil Nadu,23.38,Industrial,Sandy,Irrigated,8570229,9598967,11.80171,79.67528
180,45,Thogamalai 13,Cuddalore,Cuddalore,Tamil Nadu,21.66,Agricultural,Saline,Irrigated,17264760,19886213,11.79614,79.67903
181,45,Pudur 11,Cuddalore,Cuddalore,Tamil Nadu,16.44,Forest,Saline,Non-Irrigated,22936461,29677953,11.6935,79.6049
182,45,Thogamalai 10,Cuddalore,Cuddalore,Tamil Nadu,23.51,Industrial,Red Soil,Partly Irrigated,8622443,10741624,11.78336,79.67561
183,45,Oragadam 20,Cuddalore,Cuddalore,Tamil Nadu,21.88,Commercial,Sandy,Partly Irrigated,17925723,20121020,11.71485,79.69659
184,46,Oragadam 12,Cuddalore,Cuddalore,Tamil Nadu,9.08,Barren,Saline,Irrigated,19148488,25847532,11.76306,79.65494
185,46,Pudur 10,Cuddalore,Cuddalore,Tamil Nadu,17.83,Industrial,Sandy,Partly Irrigated,6242493,7045964,11.78975,79.61117
186,47,Pudur 20,Cuddalore,Cuddalore,Tamil Nadu,15.04,Coastal,Red Soil,Partly Irrigated,12654159,14684197,11.72186,79.65165
187,47,Sriperumbudur 20,Cuddalore,Cuddalore,Tamil Nadu,13.02,Residential,Saline,Partly Irrigated,11993327,16186488,11.77027,79.61339
188,48,Oragadam 14,Cuddalore,Cuddalore,Tamil Nadu,12.78,Industrial,Loamy,Irrigated,14858875,19570443,11.75752,79.6323
189,48,Pudur 4,Cuddalore,Cuddalore,Tamil Nadu,8.02,Residential,Sandy,Non-Irrigated,9676148,10880067,11.68756,79.61226
190,48,Padur 2,Cuddalore,Cuddalore,Tamil Nadu,13.08,Barren,Loamy,Non-Irrigated,16729082,20122932,11.74448,79.61107
191,48,Oragadam 19,Cuddalore,Cuddalore,Tamil Nadu,7.02,Industrial,Loamy,Partly Irrigated,18759739,24308306,11.76782,79.70577
192,48,Samayapuram 2,Cuddalore,Cuddalore,Tamil Nadu,8.9,Barren,Black Cotton,Irrigated,11522796,15489895,11.78971,79.65136
193,49,Oragadam 11,Cuddalore,Cuddalore,Tamil Nadu,20.53,Coastal,Saline,Irrigated,10216268,11529769,11.76924,79.70105
194,49,Kelambakkam 1,Cuddalore,Cuddalore,Tamil Nadu,9.39,Industrial,Saline,Partly Irrigated,12139483,14344765,11.76758,79.60277
195,50,Ayappan Pattinam 14,Thoothukudi,Thoothukudi,Tamil Nadu,9.62,Industrial,Black Cotton,Partly Irrigated,35850090,43898089,8.80735,78.07343
196,50,Oragadam 11,Thoothukudi,Thoothukudi,Tamil Nadu,21.12,Barren,Alluvial,Non-Irrigated,41415575,53651618,8.77044,78.01604
197,51,Padur 17,Thoothukudi,Thoothukudi,Tamil Nadu,14.22,Barren,Red Soil,Irrigated,8105935,10723204,8.8107,78.00698
198,51,Karanai 2,Thoothukudi,Thoothukudi,Tamil Nadu,17.14,Commercial,Alluvial,Non-Irrigated,10776116,11926301,8.78065,78.04394
199,51,Perungalathur 14,Thoothukudi,Thoothukudi,Tamil Nadu,10.84,Forest,Urban Fill,Non-Irrigated,8957137,11411990,8.77466,78.03118
200,51,Perungalathur 2,Thoothukudi,Thoothukudi,Tamil Nadu,8.52,Residential,Urban Fill,Partly Irrigated,21225307,24201884,8.7567,78.09259
201,51,Karanai 1,Thoothukudi,Thoothukudi,Tamil Nadu,16.05,Residential,Alluvial,Non-Irrigated,10738005,11863059,8.7331,78.01545
202,52,Padur 19,Thoothukudi,Thoothukudi,Tamil Nadu,21.78,Forest,Alluvial,Non-Irrigated,52137276,62778387,8.70974,78.05966
203,52,Ayappan Pattinam 17,Thoothukudi,Thoothukudi,Tamil Nadu,22.58,Industrial,Alluvial,Irrigated,59418106,78438160,8.73454,78.07513
204,53,Pudur 9,Thoothukudi,Thoothukudi,Tamil Nadu,16.53,Residential,Urban Fill,Partly Irrigated,11511488,14818884,8.77985,78.06333
205,53,Pammalur 10,Thoothukudi,Thoothukudi,Tamil Nadu,4.48,Commercial,Red Soil,Partly Irrigated,11386487,14245609,8.79826,78.03781
206,53,Ayappan Pattinam 19,Thoothukudi,Thoothukudi,Tamil Nadu,19.7,Residential,Loamy,Irrigated,9597557,11528432,8.70878,78.05275
207,54,Madhavaram 4,Thoothukudi,Thoothukudi,Tamil Nadu,24.16,Commercial,Black Cotton,Non-Irrigated,71483297,83425168,8.79271,78.03537
208,54,Madhavaram 1,Thoothukudi,Thoothukudi,Tamil Nadu,4.06,Coastal,Alluvial,Partly Irrigated,50107727,61346309,8.72078,78.06869
209,54,Pammalur 10,Thoothukudi,Thoothukudi,Tamil Nadu,3.28,Coastal,Saline,Non-Irrigated,69111244,87458132,8.79286,78.03232
210,55,Pammalur 15,Thoothukudi,Thoothukudi,Tamil Nadu,24.95,Residential,Sandy,Irrigated,13097749,16422411,8.71818,78.07685
211,55,Perungalathur 16,Thoothukudi,Thoothukudi,Tamil Nadu,22.14,Residential,Saline,Irrigated,12125214,15711454,8.72382,78.07568
212,55,Kelambakkam 13,Thoothukudi,Thoothukudi,Tamil Nadu,19.53,Commercial,Black Cotton,Non-Irrigated,5717225,6659724,8.80018,78.09615
213,55,Padur 4,Thoothukudi,Thoothukudi,Tamil Nadu,4.85,Commercial,Sandy,Non-Irrigated,11907485,13308307,8.77538,78.0914
214,56,Kelambakkam 5,Thoothukudi,Thoothukudi,Tamil Nadu,7.99,Residential,Red Soil,Non-Irrigated,11929926,15778071,8.79311,78.09929
215,56,Nandambakkam 7,Thoothukudi,Thoothukudi,Tamil Nadu,24.98,Forest,Urban Fill,Non-Irrigated,13349829,14294484,8.7479,78.04293
216,56,Madhavaram 14,Thoothukudi,Thoothukudi,Tamil Nadu,19.27,Agricultural,Loamy,Irrigated,23916396,31878920,8.7454,78.05668
217,56,Kallikudi 12,Thoothukudi,Thoothukudi,Tamil Nadu,7.72,Coastal,Alluvial,Irrigated,11491671,14960783,8.75948,78.0124
218,56,Perungalathur 10,Thoothukudi,Thoothukudi,Tamil Nadu,16.44,Forest,Saline,Partly Irrigated,8042116,8707434,8.80351,78.03891
219,56,Manapakkam 16,Thoothukudi,Thoothukudi,Tamil Nadu,11.28,Forest,Saline,Non-Irrigated,21817288,24910190,8.71201,78.09166
220,57,Sriperumbudur 6,Tiruchirappalli,Tiruchirappalli,Tamil Nadu,22.39,Barren,Sandy,Non-Irrigated,37345862,40316612,10.77044,78.64279
221,57,Thogamalai 15,Tiruchirappalli,Tiruchirappalli,Tamil Nadu,7.92,Commercial,Saline,Non-Irrigated,62441511,69903203,10.7796,78.75715
222,57,Kallikudi 16,Tiruchirappalli,Tiruchirappalli,Tamil Nadu,22.87,Commercial,Saline,Non-Irrigated,71518622,89389823,10.75346,78.75932
223,57,Kelambakkam 3,Tiruchirappalli,Tiruchirappalli,Tamil Nadu,23.74,Commercial,Saline,Non-Irrigated,51470685,65521812,10.77289,78.69057
224,57,Kelambakkam 9,Tiruchirappalli,Tiruchirappalli,Tamil Nadu,3.62,Barren,Red Soil,Non-Irrigated,40894143,52029980,10.77411,78.66339
225,58,Sholinganallur 11,Tiruchirappalli,Tiruchirappalli,Tamil Nadu,18.99,Barren,Alluvial,Partly Irrigated,12728540,15103953,10.7559,78.70618
226,58,Neelambur 14,Tiruchirappalli,Tiruchirappalli,Tamil Nadu,5.12,Industrial,Sandy,Partly Irrigated,7887898,10423470,10.77257,78.64772
227,58,Nandambakkam 3,Tiruchirappalli,Tiruchirappalli,Tamil Nadu,24.2,Barren,Red Soil,Partly Irrigated,11061500,14916087,10.83578,78.64858
228,58,Oragadam 12,Tiruchirappalli,Tiruchirappalli,Tamil Nadu,11.66,Commercial,Black Cotton,Irrigated,13054742,16242862,10.82741,78.75379
229,58,Ayappan Pattinam 3,Tiruchirappalli,Tiruchirappalli,Tamil Nadu,16.19,Barren,Sandy,Partly Irrigated,11033599,12917906,10.81573,78.71202
230,58,Manapakkam 20,Tiruchirappalli,Tiruchirappalli,Tamil Nadu,11.01,Coastal,Sandy,Irrigated,8827824,9304844,10.73462,78.65314
231,59,Perungalathur 17,Tiruchirappalli,Tiruchirappalli,Tamil Nadu,11.47,Forest,Saline,Partly Irrigated,71966766,76752384,10.80087,78.73691
232,59,Pammalur 3,Tiruchirappalli,Tiruchirappalli,Tamil Nadu,11.71,Coastal,Saline,Partly Irrigated,42144103,49275377,10.76633,78.75827
233,59,Sriperumbudur 19,Tiruchirappalli,Tiruchirappalli,Tamil Nadu,23.58,Agricultural,Saline,Irrigated,42941552,45344476,10.78671,78.67543
234,59,Siruseri 9,Tiruchirappalli,Tiruchirappalli,Tamil Nadu,24.9,Coastal,Sandy,Partly Irrigated,55932911,67622014,10.76403,78.70876
235,59,Kallikudi 6,Tiruchirappalli,Tiruchirappalli,Tamil Nadu,9.6,Forest,Red Soil,Partly Irrigated,56761026,68768184,10.74892,78.71806
236,60,Madhavaram 11,Tiruchirappalli,Tiruchirappalli,Tamil Nadu,17.73,Industrial,Urban Fill,Non-Irrigated,14263630,18899374,10.80688,78.71887
237,60,Pudur 11,Tiruchirappalli,Tiruchirappalli,Tamil Nadu,21.91,Commercial,Urban Fill,Irrigated,19034602,23363732,10.77362,78.68652
238,60,Thogamalai 9,Tiruchirappalli,Tiruchirappalli,Tamil Nadu,18.4,Industrial,Saline,Non-Irrigated,12343807,14053649,10.73549,78.65079
239,60,Madhavaram 14,Tiruchirappalli,Tiruchirappalli,Tamil Nadu,7.71,Residential,Loamy,Irrigated,10375478,11502467,10.80545,78.64854
240,60,Madhavaram 3,Tiruchirappalli,Tiruchirappalli,Tamil Nadu,24.42,Barren,Red Soil,Irrigated,20363152,23532069,10.82955,78.64926
241,60,Ayappan Pattinam 15,Tiruchirappalli,Tiruchirappalli,Tamil Nadu,3.87,Coastal,Saline,Irrigated,15481925,16413391,10.84829,78.68179
242,61,Kelambakkam 5,Tiruchirappalli,Tiruchirappalli,Tamil Nadu,16.41,Barren,Saline,Non-Irrigated,9495697,10650233,10.81477,78.65639
243,61,Padur 3,Tiruchirappalli,Tiruchirappalli,Tamil Nadu,20.04,Barren,Loamy,Non-Irrigated,13865170,17969786,10.78153,78.75501
244,62,Pammalur 17,Vellore,Vellore,Tamil Nadu,7.11,Forest,Black Cotton,Irrigated,18519479,21940281,12.87583,79.10217
245,62,Pammalur 10,Vellore,Vellore,Tamil Nadu,20.56,Residential,Urban Fill,Irrigated,20115422,21423577,12.93421,79.08426
246,63,Siruseri 1,Vellore,Vellore,Tamil Nadu,3.33,Coastal,Sandy,Non-Irrigated,7425225,8832013,12.93074,79.13934
247,63,Ayappan Pattinam 19,Vellore,Vellore,Tamil Nadu,19.91,Residential,Alluvial,Partly Irrigated,23237152,27232727,12.94612,79.12941
248,64,Kelambakkam 7,Vellore,Vellore,Tamil Nadu,8.41,Agricultural,Black Cotton,Partly Irrigated,14176800,17847269,12.91517,79.12027
249,64,Neelambur 7,Vellore,Vellore,Tamil Nadu,4.53,Barren,Loamy,Irrigated,18323951,21588953,12.91579,79.17574
250,64,Kallikudi 18,Vellore,Vellore,Tamil Nadu,4.9,Forest,Loamy,Irrigated,9346825,11907892,12.88168,79.12045
251,64,Karanai 17,Vellore,Vellore,Tamil Nadu,18.82,Residential,Saline,Partly Irrigated,14422655,16406579,12.94721,79.10281
252,65,Thogamalai 14,Vellore,Vellore,Tamil Nadu,14.56,Forest,Saline,Irrigated,40114490,42904791,12.88565,79.09266
253,65,Pammalur 16,Vellore,Vellore,Tamil Nadu,15.11,Forest,Black Cotton,Irrigated,45907648,57587015,12.921,79.10026
254,66,Kelambakkam 13,Vellore,Vellore,Tamil Nadu,14.68,Forest,Red Soil,Irrigated,22280462,24789922,12.9052,79.14951
255,66,Padur 16,Vellore,Vellore,Tamil Nadu,9.39,Commercial,Urban Fill,Non-Irrigated,10528030,11107683,12.91393,79.11523
256,66,Padur 1,Vellore,Vellore,Tamil Nadu,9.21,Coastal,Urban Fill,Non-Irrigated,14634969,17816635,12.91812,79.09345
257,66,Siruseri 9,Vellore,Vellore,Tamil Nadu,6.78,Agricultural,Sandy,Non-Irrigated,9912987,11444568,12.94187,79.11262
258,66,Sholinganallur 17,Vellore,Vellore,Tamil Nadu,15.98,Barren,Loamy,Irrigated,15903453,20622615,12.90685,79.16618
259,67,Perungalathur 8,Vellore,Vellore,Tamil Nadu,24.99,Barren,Saline,Partly Irrigated,16656725,19291924,12.95755,79.14415
260,67,Kelambakkam 1,Vellore,Vellore,Tamil Nadu,24.05,Industrial,Urban Fill,Partly Irrigated,9814663,12042534,12.96293,79.09852
261,67,Ayappan Pattinam 10,Vellore,Vellore,Tamil Nadu,19.21,Industrial,Sandy,Partly Irrigated,17646015,21873581,12.95348,79.104
262,67,Nandambakkam 1,Vellore,Vellore,Tamil Nadu,23.13,Residential,Red Soil,Non-Irrigated,9356910,12393453,12.95311,79.13347
263,67,Pammalur 16,Vellore,Vellore,Tamil Nadu,14.06,Residential,Urban Fill,Non-Irrigated,17722032,21554039,12.92462,79.10714
264,68,Sholinganallur 12,Vellore,Vellore,Tamil Nadu,20.32,Forest,Red Soil,Non-Irrigated,62098901,76015361,12.95083,79.12852
265,68,Padur 9,Vellore,Vellore,Tamil Nadu,10.18,Barren,Loamy,Partly Irrigated,41651020,53414288,12.96988,79.12923
266,68,Siruseri 13,Vellore,Vellore,Tamil Nadu,19.86,Commercial,Urban Fill,Partly Irrigated,66497622,71129549,12.97065,79.08072
267,68,Pammalur 11,Vellore,Vellore,Tamil Nadu,19.13,Agricultural,Alluvial,Irrigated,66819688,83704347,12.91025,79.14392
268,69,Pudur 11,Vellore,Vellore,Tamil Nadu,11.83,Barren,Red Soil,Non-Irrigated,22014543,25908010,12.95283,79.0786
269,69,Ayappan Pattinam 16,Vellore,Vellore,Tamil Nadu,14.94,Commercial,Alluvial,Irrigated,11335416,13327341,12.88224,79.12709
270,70,Madhavaram 5,Erode,Erode,Tamil Nadu,22.04,Agricultural,Saline,Partly Irrigated,14111958,17195652,11.39036,77.73859
271,70,Siruseri 20,Erode,Erode,Tamil Nadu,15.72,Forest,Urban Fill,Non-Irrigated,20373341,22011105,11.35925,77.75486
272,71,Kelambakkam 17,Erode,Erode,Tamil Nadu,7.48,Barren,Black Cotton,Partly Irrigated,9755906,12670217,11.3724,77.68105
273,71,Kallikudi 17,Erode,Erode,Tamil Nadu,6.16,Barren,Black Cotton,Irrigated,7315074,7705539,11.33683,77.76878
274,71,Nandambakkam 1,Erode,Erode,Tamil Nadu,9.08,Coastal,Red Soil,Irrigated,21735303,24018392,11.35722,77.74313
275,71,Siruseri 11,Erode,Erode,Tamil Nadu,24.12,Coastal,Saline,Partly Irrigated,7573457,8733559,11.37849,77.77313
276,71,Padur 3,Erode,Erode,Tamil Nadu,14.08,Agricultural,Loamy,Non-Irrigated,19584408,23157924,11.38843,77.69265
277,71,Oragadam 11,Erode,Erode,Tamil Nadu,16.54,Barren,Sandy,Irrigated,13664364,17014971,11.28834,77.72193
278,72,Oragadam 3,Erode,Erode,Tamil Nadu,14.41,Forest,Loamy,Partly Irrigated,7484741,9464279,11.30144,77.67059
279,72,Sholinganallur 2,Erode,Erode,Tamil Nadu,21.42,Commercial,Saline,Partly Irrigated,19037205,25054343,11.36299,77.67882
280,72,Manapakkam 19,Erode,Erode,Tamil Nadu,13.22,Coastal,Saline,Irrigated,10320439,13472068,11.31084,77.71331
281,72,Ayappan Pattinam 18,Erode,Erode,Tamil Nadu,9.38,Industrial,Loamy,Non-Irrigated,13564258,15264027,11.36926,77.65597
282,72,Pammalur 15,Erode,Erode,Tamil Nadu,17.73,Commercial,Black Cotton,Non-Irrigated,9711673,11388871,11.33462,77.73139
283,73,Sriperumbudur 19,Erode,Erode,Tamil Nadu,21.17,Coastal,Alluvial,Irrigated,24907248,27646308,11.31603,77.66456
284,73,Sriperumbudur 6,Erode,Erode,Tamil Nadu,24.2,Coastal,Alluvial,Irrigated,14209866,16195919,11.33625,77.72367
285,73,Kallikudi 5,Erode,Erode,Tamil Nadu,3.53,Residential,Red Soil,Non-Irrigated,10266010,11115468,11.36127,77.76702
286,73,Siruseri 17,Erode,Erode,Tamil Nadu,12.42,Residential,Saline,Non-Irrigated,18844445,20709139,11.36529,77.7741
287,74,Pudur 11,Erode,Erode,Tamil Nadu,6.26,Forest,Black Cotton,Irrigated,7358527,8557975,11.36707,77.73297
288,74,Perungalathur 5,Erode,Erode,Tamil Nadu,22.89,Agricultural,Saline,Partly Irrigated,20410142,23590555,11.37726,77.67681
289,74,Padur 14,Erode,Erode,Tamil Nadu,20.6,Industrial,Sandy,Irrigated,19825954,23338174,11.36855,77.75123
290,75,Kelambakkam 16,Tiruvallur,Tiruvallur,Tamil Nadu,4.19,Barren,Black Cotton,Irrigated,9476661,10095707,13.08874,79.8985
291,75,Perungalathur 12,Tiruvallur,Tiruvallur,Tamil Nadu,13.64,Residential,Red Soil,Partly Irrigated,22714934,24730683,13.18043,79.85169
292,75,Manapakkam 9,Tiruvallur,Tiruvallur,Tamil Nadu,18.13,Commercial,Loamy,Irrigated,14777306,19251685,13.10519,79.94648
293,75,Perungalathur 13,Tiruvallur,Tiruvallur,Tamil Nadu,16.59,Coastal,Loamy,Partly Irrigated,19098273,23184270,13.20808,79.86831
294,75,Ayappan Pattinam 17,Tiruvallur,Tiruvallur,Tamil Nadu,19.75,Residential,Sandy,Partly Irrigated,17271294,22813986,13.16311,79.91588
295,76,Nandambakkam 9,Tiruvallur,Tiruvallur,Tamil Nadu,4.25,Coastal,Black Cotton,Irrigated,51320114,59192971,13.19443,79.84872
296,76,Neelambur 4,Tiruvallur,Tiruvallur,Tamil Nadu,3.21,Agricultural,Urban Fill,Irrigated,41235423,53002414,13.12729,79.96155
297,76,Kallikudi 14,Tiruvallur,Tiruvallur,Tamil Nadu,17.42,Commercial,Sandy,Non-Irrigated,44532263,47494654,13.12393,79.90056
298,76,Manapakkam 14,Tiruvallur,Tiruvallur,Tamil Nadu,24.87,Agricultural,Alluvial,Non-Irrigated,63902974,68134781,13.10462,79.97284
299,76,Samayapuram 6,Tiruvallur,Tiruvallur,Tamil Nadu,7.78,Industrial,Sandy,Irrigated,51596884,56310824,13.18167,79.90693
300,77,Siruseri 1,Tiruvallur,Tiruvallur,Tamil Nadu,24.99,Barren,Black Cotton,Partly Irrigated,6353549,7446796,13.18708,79.88163
301,77,Neelambur 20,Tiruvallur,Tiruvallur,Tamil Nadu,5.83,Commercial,Sandy,Irrigated,17282397,18417168,13.16014,79.96549
302,77,Samayapuram 5,Tiruvallur,Tiruvallur,Tamil Nadu,22.11,Residential,Saline,Partly Irrigated,16816354,17814235,13.1542,79.93216
303,77,Karanai 17,Tiruvallur,Tiruvallur,Tamil Nadu,5.41,Forest,Loamy,Irrigated,7691746,9277899,13.15159,79.86601
304,78,Sriperumbudur 12,Tiruvallur,Tiruvallur,Tamil Nadu,23.38,Barren,Saline,Non-Irrigated,12099819,15368098,13.14663,79.86878
305,78,Nandambakkam 5,Tiruvallur,Tiruvallur,Tamil Nadu,9.53,Coastal,Sandy,Irrigated,14610401,15835373,13.17289,79.93963
306,79,Karanai 7,Tiruvallur,Tiruvallur,Tamil Nadu,19.76,Forest,Sandy,Irrigated,12825927,14171710,13.21242,79.95692
307,79,Samayapuram 3,Tiruvallur,Tiruvallur,Tamil Nadu,20.08,Forest,Black Cotton,Irrigated,10378744,13406613,13.1456,79.95224
308,79,Samayapuram 16,Tiruvallur,Tiruvallur,Tamil Nadu,10.11,Barren,Red Soil,Non-Irrigated,24024548,28260190,13.09661,79.95003
309,79,Siruseri 2,Tiruvallur,Tiruvallur,Tamil Nadu,20.52,Barren,Saline,Partly Irrigated,11208168,12162959,13.16973,79.8861
310,79,Siruseri 4,Tiruvallur,Tiruvallur,Tamil Nadu,13.38,Forest,Black Cotton,Partly Irrigated,14024892,16225122,13.13473,79.93761
311,80,Pudur 9,Krishnagiri,Krishnagiri,Tamil Nadu,21.34,Residential,Urban Fill,Non-Irrigated,46855600,51161988,12.48513,78.20876
312,80,Sriperumbudur 15,Krishnagiri,Krishnagiri,Tamil Nadu,7.57,Commercial,Urban Fill,Partly Irrigated,47603720,56424938,12.56205,78.18559
313,81,Oragadam 6,Krishnagiri,Krishnagiri,Tamil Nadu,23.18,Commercial,Sandy,Non-Irrigated,56564809,74455586,12.51875,78.18393
314,81,Neelambur 2,Krishnagiri,Krishnagiri,Tamil Nadu,4.32,Agricultural,Urban Fill,Irrigated,73542417,88492431,12.54899,78.26004
315,81,Kallikudi 5,Krishnagiri,Krishnagiri,Tamil Nadu,16.23,Agricultural,Sandy,Partly Irrigated,44887914,57696515,12.46178,78.21784
316,81,Kelambakkam 9,Krishnagiri,Krishnagiri,Tamil Nadu,3.77,Barren,Urban Fill,Non-Irrigated,43601768,56681971,12.56453,78.26549
317,81,Madhavaram 16,Krishnagiri,Krishnagiri,Tamil Nadu,11.37,Barren,Alluvial,Non-Irrigated,32031074,42437290,12.55908,78.18354
318,82,Manapakkam 1,Krishnagiri,Krishnagiri,Tamil Nadu,9.48,Residential,Urban Fill,Non-Irrigated,18525809,21272787,12.5142,78.20143
319,82,Ayappan Pattinam 4,Krishnagiri,Krishnagiri,Tamil Nadu,10.34,Residential,Sandy,Irrigated,9125086,12138868,12.56613,78.24604
320,83,Padur 1,Krishnagiri,Krishnagiri,Tamil Nadu,22.6,Agricultural,Loamy,Partly Irrigated,8636333,11065242,12.47591,78.20726
321,83,Perungalathur 8,Krishnagiri,Krishnagiri,Tamil Nadu,12.7,Forest,Loamy,Non-Irrigated,14716342,15479009,12.54948,78.19835
322,83,Siruseri 19,Krishnagiri,Krishnagiri,Tamil Nadu,12.71,Coastal,Red Soil,Irrigated,18969962,21981668,12.55004,78.24778
323,84,Kelambakkam 10,Tirunelveli,Tirunelveli,Tamil Nadu,7.72,Barren,Saline,Partly Irrigated,11481144,13896387,8.6977,77.79181
324,84,Padur 1,Tirunelveli,Tirunelveli,Tamil Nadu,3.89,Commercial,Alluvial,Irrigated,18328775,21527776,8.76336,77.72404
325,85,Perungalathur 16,Tirunelveli,Tirunelveli,Tamil Nadu,23.41,Forest,Saline,Partly Irrigated,16252541,20155841,8.74381,77.76998
326,85,Padur 11,Tirunelveli,Tirunelveli,Tamil Nadu,18.26,Residential,Urban Fill,Non-Irrigated,16649198,20729364,8.75861,77.80473
327,85,Sholinganallur 4,Tirunelveli,Tirunelveli,Tamil Nadu,19.35,Barren,Urban Fill,Irrigated,8430101,9368374,8.70268,77.77709
328,85,Samayapuram 13,Tirunelveli,Tirunelveli,Tamil Nadu,6.91,Commercial,Saline,Non-Irrigated,13869022,16647945,8.75662,77.71723
329,85,Samayapuram 3,Tirunelveli,Tirunelveli,Tamil Nadu,18.92,Agricultural,Red Soil,Partly Irrigated,17572559,19387209,8.74463,77.79305
330,86,Pudur 6,Tirunelveli,Tirunelveli,Tamil Nadu,12.58,Industrial,Sandy,Partly Irrigated,19291558,24689074,8.67417,77.78755
331,86,Oragadam 6,Tirunelveli,Tirunelveli,Tamil Nadu,6.73,Commercial,Alluvial,Partly Irrigated,13105022,16841228,8.6959,77.80334
332,86,Neelambur 12,Tirunelveli,Tirunelveli,Tamil Nadu,13.3,Barren,Black Cotton,Irrigated,19856361,21608353,8.70701,77.75943
333,86,Karanai 11,Tirunelveli,Tirunelveli,Tamil Nadu,6.04,Agricultural,Loamy,Irrigated,15305641,16562158,8.75391,77.72279
334,86,Pudur 16,Tirunelveli,Tirunelveli,Tamil Nadu,7.67,Forest,Urban Fill,Partly Irrigated,18897674,20276032,8.71801,77.76943
335,86,Sholinganallur 7,Tirunelveli,Tirunelveli,Tamil Nadu,19.42,Industrial,Saline,Non-Irrigated,8942933,11601352,8.76272,77.76342
336,87,Ayappan Pattinam 6,Tirunelveli,Tirunelveli,Tamil Nadu,22.97,Agricultural,Saline,Non-Irrigated,11855658,15715143,8.6758,77.71954
337,87,Padur 4,Tirunelveli,Tirunelveli,Tamil Nadu,10.07,Agricultural,Sandy,Non-Irrigated,11503150,14472351,8.75047,77.70992
338,87,Ayappan Pattinam 1,Tirunelveli,Tirunelveli,Tamil Nadu,17.61,Residential,Loamy,Irrigated,19659314,22668626,8.71248,77.73301
339,87,Neelambur 17,Tirunelveli,Tirunelveli,Tamil Nadu,13.02,Industrial,Alluvial,Irrigated,16237523,19326840,8.72105,77.81343
340,88,Siruseri 8,Tirunelveli,Tirunelveli,Tamil Nadu,15.27,Commercial,Sandy,Partly Irrigated,8300274,9314439,8.70749,77.70027
341,88,Thogamalai 2,Tirunelveli,Tirunelveli,Tamil Nadu,9.07,Agricultural,Alluvial,Irrigated,11088410,13311704,8.73481,77.69189
342,88,Ayappan Pattinam 14,Tirunelveli,Tirunelveli,Tamil Nadu,4.41,Forest,Alluvial,Partly Irrigated,12059158,14613699,8.67106,77.70518
343,88,Thogamalai 6,Tirunelveli,Tirunelveli,Tamil Nadu,13.29,Barren,Black Cotton,Partly Irrigated,11129236,13264957,8.77144,77.74
344,88,Perungalathur 6,Tirunelveli,Tirunelveli,Tamil Nadu,19.83,Coastal,Red Soil,Partly Irrigated,13713291,15787818,8.68617,77.76442
345,88,Thogamalai 16,Tirunelveli,Tirunelveli,Tamil Nadu,15.11,Residential,Saline,Non-Irrigated,9857346,13100564,8.75598,77.73052
346,89,Nandambakkam 11,Tirunelveli,Tirunelveli,Tamil Nadu,14.13,Agricultural,Loamy,Partly Irrigated,11186294,12030403,8.66257,77.74113
347,89,Padur 12,Tirunelveli,Tirunelveli,Tamil Nadu,13.39,Commercial,Red Soil,Non-Irrigated,8984828,11347022,8.69095,77.70807
348,89,Neelambur 2,Tirunelveli,Tirunelveli,Tamil Nadu,8.5,Commercial,Red Soil,Partly Irrigated,13924090,16251607,8.75024,77.70552
349,89,Ayappan Pattinam 20,Tirunelveli,Tirunelveli,Tamil Nadu,21.25,Commercial,Sandy,Irrigated,6602349,8641542,8.75109,77.73565
350,90,Kelambakkam 20,Tirunelveli,Tirunelveli,Tamil Nadu,3.01,Industrial,Sandy,Non-Irrigated,10988105,12616323,8.70993,77.7274
351,90,Nandambakkam 4,Tirunelveli,Tirunelveli,Tamil Nadu,8.69,Residential,Red Soil,Partly Irrigated,9570531,11777989,8.65869,77.77343
352,91,Perungalathur 4,Tirunelveli,Tirunelveli,Tamil Nadu,15.87,Coastal,Sandy,Irrigated,13655928,17944615,8.74676,77.80536
353,91,Samayapuram 3,Tirunelveli,Tirunelveli,Tamil Nadu,10.01,Residential,Red Soil,Partly Irrigated,19516034,21423878,8.74444,77.7928
354,91,Padur 3,Tirunelveli,Tirunelveli,Tamil Nadu,7.18,Forest,Sandy,Partly Irrigated,20873960,22652703,8.7268,77.78311
355,92,Sriperumbudur 4,Tirunelveli,Tirunelveli,Tamil Nadu,5.56,Industrial,Urban Fill,Partly Irrigated,14870876,15915551,8.70334,77.71214
356,92,Padur 17,Tirunelveli,Tirunelveli,Tamil Nadu,17.1,Forest,Red Soil,Partly Irrigated,13566799,14479221,8.68065,77.75084
357,93,Ayappan Pattinam 18,Tirunelveli,Tirunelveli,Tamil Nadu,9.57,Industrial,Urban Fill,Irrigated,10661182,12520421,8.77363,77.71706
358,93,Sholinganallur 14,Tirunelveli,Tirunelveli,Tamil Nadu,18.51,Coastal,Black Cotton,Irrigated,13503677,14186422,8.67766,77.72467
359,93,Neelambur 12,Tirunelveli,Tirunelveli,Tamil Nadu,19.3,Coastal,Red Soil,Partly Irrigated,15317195,18174521,8.70629,77.75546
360,94,Padur 1,Chengalpattu,Chengalpattu,Tamil Nadu,8.79,Agricultural,Sandy,Irrigated,33825841,36741542,12.63434,80.0009
361,94,Oragadam 16,Chengalpattu,Chengalpattu,Tamil Nadu,12.85,Barren,Red Soil,Non-Irrigated,50128995,56080578,12.63666,79.94326
362,95,Sriperumbudur 2,Chengalpattu,Chengalpattu,Tamil Nadu,5.55,Forest,Red Soil,Non-Irrigated,44083045,59282946,12.69604,80.02301
363,95,Nandambakkam 12,Chengalpattu,Chengalpattu,Tamil Nadu,19.3,Residential,Loamy,Irrigated,34284816,40625479,12.71237,80.03736
364,95,Samayapuram 9,Chengalpattu,Chengalpattu,Tamil Nadu,21.45,Agricultural,Urban Fill,Non-Irrigated,58242428,64967894,12.71279,79.95272
365,96,Pudur 16,Chengalpattu,Chengalpattu,Tamil Nadu,8.65,Forest,Red Soil,Partly Irrigated,38699933,50230863,12.68456,80.03454
366,96,Oragadam 11,Chengalpattu,Chengalpattu,Tamil Nadu,20.76,Commercial,Urban Fill,Irrigated,37590214,47133476,12.6494,79.9516
367,97,Siruseri 11,Ranipet,Ranipet,Tamil Nadu,17.94,Agricultural,Saline,Partly Irrigated,12989580,17492047,12.88676,79.31755
368,97,Pudur 14,Ranipet,Ranipet,Tamil Nadu,21.69,Commercial,Red Soil,Non-Irrigated,12873782,15248832,12.95482,79.36489
369,97,Sholinganallur 19,Ranipet,Ranipet,Tamil Nadu,18.32,Industrial,Saline,Irrigated,7492693,8114799,12.96288,79.32847
370,97,Manapakkam 3,Ranipet,Ranipet,Tamil Nadu,20.74,Forest,Red Soil,Irrigated,17915257,21275545,12.95506,79.34081
371,98,Kelambakkam 14,Ranipet,Ranipet,Tamil Nadu,18.82,Commercial,Black Cotton,Non-Irrigated,13346303,16118958,12.97085,79.28964
372,98,Madhavaram 15,Ranipet,Ranipet,Tamil Nadu,21.35,Agricultural,Black Cotton,Irrigated,14772441,16097179,12.97467,79.30447
373,98,Padur 12,Ranipet,Ranipet,Tamil Nadu,14.9,Forest,Red Soil,Partly Irrigated,8895605,11893414,12.92505,79.32279
374,99,Sholinganallur 2,Ranipet,Ranipet,Tamil Nadu,20.25,Barren,Alluvial,Partly Irrigated,35303647,37719411,12.89242,79.32349
375,99,Ayappan Pattinam 19,Ranipet,Ranipet,Tamil Nadu,16.08,Agricultural,Loamy,Partly Irrigated,37799552,43248082,12.94796,79.36502
376,99,Madhavaram 11,Ranipet,Ranipet,Tamil Nadu,13.78,Agricultural,Urban Fill,Irrigated,60577139,73400715,12.90118,79.37361
377,99,Kallikudi 1,Ranipet,Ranipet,Tamil Nadu,13.29,Coastal,Red Soil,Partly Irrigated,53876242,70922615,12.89976,79.35864
378,99,Oragadam 5,Ranipet,Ranipet,Tamil Nadu,24.21,Industrial,Sandy,Partly Irrigated,41214905,51289918,12.88559,79.35482
379,100,Kelambakkam 3,Ranipet,Ranipet,Tamil Nadu,23.97,Industrial,Saline,Irrigated,10899785,12995560,12.97393,79.32891
380,100,Madhavaram 4,Ranipet,Ranipet,Tamil Nadu,3.49,Forest,Sandy,Non-Irrigated,7717141,8286673,12.95251,79.32368
381,100,Siruseri 4,Ranipet,Ranipet,Tamil Nadu,14.99,Barren,Urban Fill,Non-Irrigated,9106850,10807975,12.89464,79.36027
382,100,Sholinganallur 14,Ranipet,Ranipet,Tamil Nadu,12.31,Industrial,Black Cotton,Non-Irrigated,16628274,18707726,12.94157,79.32931
383,100,Thogamalai 2,Ranipet,Ranipet,Tamil Nadu,7.73,Commercial,Alluvial,Partly Irrigated,15845920,18061494,12.96823,79.31132
384,101,Thogamalai 6,Ranipet,Ranipet,Tamil Nadu,9.59,Forest,Saline,Non-Irrigated,14940454,16022617,12.89436,79.35503
385,101,Karanai 4,Ranipet,Ranipet,Tamil Nadu,17.93,Agricultural,Saline,Partly Irrigated,8042795,9358196,12.88925,79.3472
386,101,Kallikudi 6,Ranipet,Ranipet,Tamil Nadu,20.32,Forest,Red Soil,Partly Irrigated,12458120,13740487,12.96959,79.37018
387,102,Thogamalai 7,Ranipet,Ranipet,Tamil Nadu,23.83,Agricultural,Urban Fill,Partly Irrigated,46903615,55056015,12.95644,79.29043
388,102,Samayapuram 20,Ranipet,Ranipet,Tamil Nadu,6.1,Forest,Red Soil,Non-Irrigated,42829587,51271534,12.91329,79.32452
389,103,Oragadam 19,Ranipet,Ranipet,Tamil Nadu,22.97,Industrial,Alluvial,Non-Irrigated,64034085,77610496,12.94497,79.34389
390,103,Pammalur 2,Ranipet,Ranipet,Tamil Nadu,8.73,Coastal,Red Soil,Partly Irrigated,36059656,43120600,12.88649,79.36508
391,103,Samayapuram 9,Ranipet,Ranipet,Tamil Nadu,9.82,Coastal,Sandy,Irrigated,44054449,57244927,12.91093,79.31072
392,103,Pudur 10,Ranipet,Ranipet,Tamil Nadu,6.69,Coastal,Saline,Non-Irrigated,80541825,102048815,12.89664,79.33854
393,103,Oragadam 6,Ranipet,Ranipet,Tamil Nadu,4.09,Commercial,Red Soil,Irrigated,34249580,36411142,12.95723,79.3305
394,104,Madhavaram 20,Ranipet,Ranipet,Tamil Nadu,16.96,Commercial,Saline,Non-Irrigated,45473736,52111824,12.9154,79.29692
395,104,Manapakkam 8,Ranipet,Ranipet,Tamil Nadu,15.71,Forest,Black Cotton,Partly Irrigated,69161711,73683038,12.91136,79.31574
396,104,Oragadam 19,Ranipet,Ranipet,Tamil Nadu,19.75,Industrial,Saline,Non-Irrigated,43811616,56858315,12.94528,79.34419
397,105,Thogamalai 17,Ranipet,Ranipet,Tamil Nadu,14.48,Industrial,Red Soil,Partly Irrigated,9891892,12470246,12.90604,79.29185
398,105,Sriperumbudur 18,Ranipet,Ranipet,Tamil Nadu,20.46,Commercial,Red Soil,Partly Irrigated,8637712,10096585,12.89831,79.35107
399,106,Neelambur 3,Ranipet,Ranipet,Tamil Nadu,15.37,Agricultural,Sandy,Irrigated,28612589,32173418,12.94276,79.33241
400,106,Samayapuram 20,Ranipet,Ranipet,Tamil Nadu,14.16,Residential,Sandy,Irrigated,57167956,76735029,12.91195,79.32521
401,106,Pudur 3,Ranipet,Ranipet,Tamil Nadu,12.99,Residential,Loamy,Non-Irrigated,45034287,53364202,12.92076,79.33002
402,106,Siruseri 16,Ranipet,Ranipet,Tamil Nadu,3.53,Industrial,Urban Fill,Partly Irrigated,37398599,49123813,12.95659,79.30457
403,106,Manapakkam 8,Ranipet,Ranipet,Tamil Nadu,21.5,Barren,Sandy,Irrigated,74089654,88956844,12.90344,79.30875
404,107,Siruseri 9,Krishnagiri,Krishnagiri,Tamil Nadu,22.6,Industrial,Loamy,Irrigated,14642151,18685238,12.50745,78.25317
405,107,Sholinganallur 7,Krishnagiri,Krishnagiri,Tamil Nadu,6.68,Barren,Saline,Non-Irrigated,14585810,18077211,12.50553,78.21519
406,107,Karanai 19,Krishnagiri,Krishnagiri,Tamil Nadu,9.14,Barren,Alluvial,Non-Irrigated,7123377,9408857,12.47375,78.26484
407,107,Nandambakkam 8,Krishnagiri,Krishnagiri,Tamil Nadu,17.12,Barren,Alluvial,Partly Irrigated,10419505,11078010,12.48636,78.24305
408,107,Sriperumbudur 6,Krishnagiri,Krishnagiri,Tamil Nadu,6.0,Coastal,Black Cotton,Non-Irrigated,11549288,15209137,12.55208,78.21494
409,107,Sriperumbudur 10,Krishnagiri,Krishnagiri,Tamil Nadu,18.0,Coastal,Loamy,Non-Irrigated,10127910,13080558,12.56085,78.1712
410,108,Thogamalai 19,Krishnagiri,Krishnagiri,Tamil Nadu,18.61,Barren,Alluvial,Partly Irrigated,20232850,22943869,12.46756,78.24811
411,108,Kelambakkam 8,Krishnagiri,Krishnagiri,Tamil Nadu,10.84,Forest,Black Cotton,Non-Irrigated,8785190,10564054,12.49018,78.22288
412,108,Madhavaram 19,Krishnagiri,Krishnagiri,Tamil Nadu,13.78,Residential,Sandy,Partly Irrigated,5248902,6753553,12.50727,78.22043
413,108,Padur 15,Krishnagiri,Krishnagiri,Tamil Nadu,14.74,Industrial,Loamy,Non-Irrigated,17379779,22263954,12.53181,78.25387
414,108,Samayapuram 5,Krishnagiri,Krishnagiri,Tamil Nadu,20.27,Forest,Saline,Non-Irrigated,18652737,21982405,12.53058,78.22477
415,108,Sriperumbudur 9,Krishnagiri,Krishnagiri,Tamil Nadu,14.73,Barren,Black Cotton,Partly Irrigated,14263014,16890510,12.47169,78.16969
416,109,Siruseri 18,Krishnagiri,Krishnagiri,Tamil Nadu,10.49,Barren,Sandy,Irrigated,50198242,65734460,12.568,78.19102
417,109,Oragadam 5,Krishnagiri,Krishnagiri,Tamil Nadu,21.92,Commercial,Alluvial,Non-Irrigated,70746508,87344643,12.51327,78.24623
418,109,Padur 2,Krishnagiri,Krishnagiri,Tamil Nadu,10.8,Agricultural,Urban Fill,Non-Irrigated,38492154,41419706,12.46039,78.23059
419,110,Madhavaram 12,Krishnagiri,Krishnagiri,Tamil Nadu,11.7,Industrial,Saline,Partly Irrigated,15595085,16947461,12.52858,78.26043
420,110,Oragadam 2,Krishnagiri,Krishnagiri,Tamil Nadu,18.55,Barren,Saline,Non-Irrigated,9357782,11064025,12.48907,78.26524
421,110,Karanai 5,Krishnagiri,Krishnagiri,Tamil Nadu,3.71,Commercial,Red Soil,Partly Irrigated,23554785,29189567,12.53847,78.16249
422,111,Manapakkam 13,Coimbatore,Coimbatore,Tamil Nadu,16.85,Industrial,Sandy,Partly Irrigated,15668865,17535166,11.06642,76.99588
423,111,Kelambakkam 10,Coimbatore,Coimbatore,Tamil Nadu,14.97,Forest,Black Cotton,Irrigated,21326105,25652864,11.006,76.98801
424,111,Manapakkam 4,Coimbatore,Coimbatore,Tamil Nadu,15.68,Forest,Sandy,Non-Irrigated,17748533,19096065,11.02762,76.99241
425,111,Nandambakkam 10,Coimbatore,Coimbatore,Tamil Nadu,15.8,Barren,Sandy,Irrigated,12684280,14250107,10.97749,76.92401
426,111,Karanai 20,Coimbatore,Coimbatore,Tamil Nadu,18.82,Forest,Alluvial,Partly Irrigated,13657592,17156337,11.06562,76.91698
427,112,Madhavaram 1,Coimbatore,Coimbatore,Tamil Nadu,21.65,Industrial,Alluvial,Irrigated,33966603,42707328,11.0295,76.98318
428,112,Thogamalai 4,Coimbatore,Coimbatore,Tamil Nadu,17.55,Commercial,Black Cotton,Non-Irrigated,71143275,95633690,10.97264,76.99567
429,113,Samayapuram 9,Coimbatore,Coimbatore,Tamil Nadu,23.34,Industrial,Alluvial,Partly Irrigated,15099045,17735426,11.02475,76.94092
430,113,Siruseri 18,Coimbatore,Coimbatore,Tamil Nadu,6.33,Forest,Loamy,Irrigated,9885976,11730669,11.02586,76.98582
431,113,Kallikudi 1,Coimbatore,Coimbatore,Tamil Nadu,21.2,Forest,Urban Fill,Partly Irrigated,13166004,14573846,11.07003,77.00911
432,113,Sholinganallur 20,Coimbatore,Coimbatore,Tamil Nadu,13.11,Agricultural,Urban Fill,Irrigated,16328997,19681757,10.96397,77.0054
433,113,Oragadam 6,Coimbatore,Coimbatore,Tamil Nadu,16.71,Agricultural,Alluvial,Partly Irrigated,10211589,13274191,11.05866,76.9857
434,114,Kelambakkam 2,Coimbatore,Coimbatore,Tamil Nadu,19.81,Agricultural,Saline,Partly Irrigated,15004506,20202778,11.05333,77.00186
435,114,Sriperumbudur 18,Coimbatore,Coimbatore,Tamil Nadu,6.77,Barren,Urban Fill,Partly Irrigated,13545281,14618219,11.03339,76.9107
436,115,Kallikudi 20,Vellore,Vellore,Tamil Nadu,13.78,Forest,Alluvial,Partly Irrigated,9613517,12800092,12.94955,79.1021
437,115,Padur 15,Vellore,Vellore,Tamil Nadu,21.34,Commercial,Urban Fill,Non-Irrigated,13270709,17802818,12.91609,79.14006
438,115,Ayappan Pattinam 7,Vellore,Vellore,Tamil Nadu,4.69,Coastal,Urban Fill,Partly Irrigated,12007330,15903010,12.87768,79.14552
439,115,Madhavaram 6,Vellore,Vellore,Tamil Nadu,13.4,Residential,Urban Fill,Non-Irrigated,13886135,17406771,12.9265,79.08924
440,115,Karanai 7,Vellore,Vellore,Tamil Nadu,8.02,Barren,Urban Fill,Non-Irrigated,17318741,21206279,12.91026,79.14309
441,116,Nandambakkam 8,Vellore,Vellore,Tamil Nadu,4.83,Industrial,Urban Fill,Partly Irrigated,22176443,29119669,12.92451,79.09672
442,116,Thogamalai 13,Vellore,Vellore,Tamil Nadu,4.8,Coastal,Sandy,Non-Irrigated,22039977,27845995,12.95533,79.18666
443,116,Siruseri 7,Vellore,Vellore,Tamil Nadu,13.23,Barren,Urban Fill,Partly Irrigated,10021726,11308546,12.93882,79.1038
444,116,Oragadam 15,Vellore,Vellore,Tamil Nadu,21.14,Agricultural,Urban Fill,Irrigated,18060459,21917637,12.88712,79.12612
445,117,Manapakkam 17,Vellore,Vellore,Tamil Nadu,5.78,Coastal,Red Soil,Irrigated,18548068,24237303,12.88864,79.08879
446,117,Karanai 7,Vellore,Vellore,Tamil Nadu,9.02,Industrial,Red Soil,Partly Irrigated,9806401,12969671,12.91946,79.13533
447,117,Thogamalai 1,Vellore,Vellore,Tamil Nadu,5.68,Coastal,Alluvial,Irrigated,6672935,7769361,12.9428,79.14586
448,117,Padur 15,Vellore,Vellore,Tamil Nadu,12.27,Coastal,Urban Fill,Non-Irrigated,8629528,9985649,12.91225,79.14568
449,117,Samayapuram 6,Vellore,Vellore,Tamil Nadu,5.74,Forest,Alluvial,Irrigated,20125951,24223349,12.94574,79.09085
450,118,Pudur 8,Vellore,Vellore,Tamil Nadu,18.51,Commercial,Sandy,Non-Irrigated,9675918,11660688,12.90476,79.10675
451,118,Pammalur 18,Vellore,Vellore,Tamil Nadu,13.46,Coastal,Sandy,Non-Irrigated,8621245,10204292,12.93932,79.16271
452,118,Kelambakkam 4,Vellore,Vellore,Tamil Nadu,6.24,Commercial,Urban Fill,Partly Irrigated,12454961,15139100,12.88218,79.08844
453,118,Pammalur 14,Vellore,Vellore,Tamil Nadu,9.65,Commercial,Sandy,Irrigated,17385270,21788301,12.9238,79.16656
454,118,Manapakkam 6,Vellore,Vellore,Tamil Nadu,13.41,Commercial,Saline,Non-Irrigated,15135378,17153350,12.89481,79.16716
455,118,Samayapuram 11,Vellore,Vellore,Tamil Nadu,13.29,Barren,Alluvial,Non-Irrigated,18896946,25495904,12.92286,79.15733
456,119,Pammalur 17,Thanjavur,Thanjavur,Tamil Nadu,8.44,Industrial,Red Soil,Partly Irrigated,16581553,18577302,10.74531,79.10856
457,119,Kallikudi 10,Thanjavur,Thanjavur,Tamil Nadu,12.23,Residential,Red Soil,Non-Irrigated,9427262,11698015,10.73648,79.10831
458,119,Siruseri 5,Thanjavur,Thanjavur,Tamil Nadu,11.32,Commercial,Black Cotton,Partly Irrigated,16798037,21705090,10.73276,79.14608
459,119,Kallikudi 7,Thanjavur,Thanjavur,Tamil Nadu,3.85,Barren,Red Soil,Irrigated,18604490,22685681,10.82754,79.12436
460,119,Thogamalai 5,Thanjavur,Thanjavur,Tamil Nadu,23.05,Industrial,Alluvial,Irrigated,8995298,10278526,10.82901,79.15674
461,120,Ayappan Pattinam 1,Thanjavur,Thanjavur,Tamil Nadu,23.43,Commercial,Urban Fill,Irrigated,50551090,53848940,10.83052,79.20021
462,120,Perungalathur 10,Thanjavur,Thanjavur,Tamil Nadu,9.07,Forest,Loamy,Non-Irrigated,55648576,64797999,10.77257,79.19703
463,120,Kallikudi 14,Thanjavur,Thanjavur,Tamil Nadu,10.1,Commercial,Alluvial,Irrigated,35354575,46350683,10.77919,79.17697
464,120,Sriperumbudur 16,Thanjavur,Thanjavur,Tamil Nadu,3.82,Barren,Urban Fill,Partly Irrigated,31364767,36351649,10.81317,79.11058
465,121,Siruseri 2,Thanjavur,Thanjavur,Tamil Nadu,19.88,Agricultural,Sandy,Partly Irrigated,13599205,14507661,10.78433,79.17906
466,121,Ayappan Pattinam 16,Thanjavur,Thanjavur,Tamil Nadu,11.77,Coastal,Red Soil,Partly Irrigated,14228232,15768385,10.78809,79.17992
467,121,Sriperumbudur 7,Thanjavur,Thanjavur,Tamil Nadu,12.46,Commercial,Red Soil,Irrigated,11753880,12539426,10.79278,79.11958
468,121,Siruseri 2,Thanjavur,Thanjavur,Tamil Nadu,12.8,Commercial,Red Soil,Non-Irrigated,12379824,13897354,10.7839,79.17972
469,121,Padur 14,Thanjavur,Thanjavur,Tamil Nadu,3.36,Coastal,Sandy,Irrigated,9505726,11211713,10.75977,79.10459
470,121,Madhavaram 3,Thanjavur,Thanjavur,Tamil Nadu,15.85,Residential,Sandy,Irrigated,17057093,21541165,10.83392,79.1279
471,122,Perungalathur 20,Thanjavur,Thanjavur,Tamil Nadu,3.96,Industrial,Sandy,Non-Irrigated,15135850,16583429,10.83623,79.11814
472,122,Ayappan Pattinam 11,Thanjavur,Thanjavur,Tamil Nadu,23.21,Commercial,Alluvial,Irrigated,12855365,14827896,10.83476,79.10581
473,123,Kallikudi 14,Coimbatore,Coimbatore,Tamil Nadu,11.44,Barren,Black Cotton,Irrigated,43636583,46971475,10.95589,77.00412
474,123,Thogamalai 14,Coimbatore,Coimbatore,Tamil Nadu,15.45,Agricultural,Red Soil,Irrigated,34472729,39535325,10.96043,76.98521
475,123,Sholinganallur 8,Coimbatore,Coimbatore,Tamil Nadu,7.15,Coastal,Urban Fill,Non-Irrigated,36227917,42109400,11.02405,76.91356
476,123,Sholinganallur 14,Coimbatore,Coimbatore,Tamil Nadu,23.03,Industrial,Alluvial,Irrigated,51325689,55638051,10.96843,76.96052
477,123,Perungalathur 14,Coimbatore,Coimbatore,Tamil Nadu,13.26,Coastal,Urban Fill,Irrigated,59397920,72838799,11.03842,76.98057
478,123,Pudur 14,Coimbatore,Coimbatore,Tamil Nadu,3.36,Coastal,Sandy,Irrigated,36355186,38849935,11.01224,76.933
479,124,Neelambur 5,Coimbatore,Coimbatore,Tamil Nadu,8.84,Forest,Sandy,Partly Irrigated,42586310,45372618,11.05171,76.93377
480,124,Pammalur 11,Coimbatore,Coimbatore,Tamil Nadu,3.72,Industrial,Urban Fill,Irrigated,63652379,70321188,11.02078,76.92892
481,124,Padur 20,Coimbatore,Coimbatore,Tamil Nadu,12.81,Industrial,Urban Fill,Partly Irrigated,54488334,64485529,10.98342,76.95687
482,124,Kelambakkam 1,Coimbatore,Coimbatore,Tamil Nadu,4.81,Residential,Black Cotton,Irrigated,36369730,39655809,11.01624,76.92628
483,124,Thogamalai 5,Coimbatore,Coimbatore,Tamil Nadu,21.61,Agricultural,Black Cotton,Irrigated,53068175,58508024,10.97437,76.99718
484,124,Sholinganallur 6,Coimbatore,Coimbatore,Tamil Nadu,23.2,Industrial,Sandy,Partly Irrigated,37694304,46206303,10.98317,76.93002
485,125,Kelambakkam 17,Coimbatore,Coimbatore,Tamil Nadu,4.62,Residential,Urban Fill,Partly Irrigated,29582787,37574407,10.99059,76.96449
486,125,Manapakkam 2,Coimbatore,Coimbatore,Tamil Nadu,21.01,Coastal,Saline,Partly Irrigated,43291367,57853733,11.04992,76.92369
487,125,Oragadam 9,Coimbatore,Coimbatore,Tamil Nadu,5.74,Barren,Loamy,Irrigated,66985901,77301251,10.9889,76.99423
488,126,Thogamalai 19,Coimbatore,Coimbatore,Tamil Nadu,24.96,Commercial,Saline,Partly Irrigated,13206046,16362959,11.0163,76.91844
489,126,Madhavaram 10,Coimbatore,Coimbatore,Tamil Nadu,15.87,Commercial,Loamy,Non-Irrigated,14960513,16427116,11.06054,76.98297
490,126,Karanai 4,Coimbatore,Coimbatore,Tamil Nadu,24.06,Coastal,Red Soil,Partly Irrigated,15683172,17248935,10.98715,77.01238
491,126,Thogamalai 10,Coimbatore,Coimbatore,Tamil Nadu,23.57,Industrial,Red Soil,Irrigated,9200406,10518270,10.98491,76.9914
492,127,Pudur 9,Coimbatore,Coimbatore,Tamil Nadu,22.17,Coastal,Saline,Partly Irrigated,52804202,63525632,11.04675,77.00294
493,127,Neelambur 1,Coimbatore,Coimbatore,Tamil Nadu,11.33,Agricultural,Alluvial,Irrigated,62821806,71804535,11.04874,76.93561
494,127,Nandambakkam 9,Coimbatore,Coimbatore,Tamil Nadu,10.63,Coastal,Loamy,Irrigated,65951769,80402293,11.04749,76.93326
495,127,Nandambakkam 9,Coimbatore,Coimbatore,Tamil Nadu,7.44,Agricultural,Black Cotton,Non-Irrigated,39994176,53547357,11.05834,76.92534
496,127,Sholinganallur 6,Coimbatore,Coimbatore,Tamil Nadu,12.72,Agricultural,Loamy,Partly Irrigated,45503622,49162623,10.98469,76.93562
497,128,Manapakkam 7,Coimbatore,Coimbatore,Tamil Nadu,6.25,Forest,Red Soil,Non-Irrigated,27529033,30332670,10.9972,76.90988
498,128,Kelambakkam 18,Coimbatore,Coimbatore,Tamil Nadu,20.49,Commercial,Red Soil,Irrigated,49582357,60602984,10.98918,77.0062
499,128,Kallikudi 15,Coimbatore,Coimbatore,Tamil Nadu,13.8,Agricultural,Sandy,Partly Irrigated,39441831,46374170,11.06488,76.91537
500,128,Ayappan Pattinam 14,Coimbatore,Coimbatore,Tamil Nadu,10.96,Residential,Red Soil,Non-Irrigated,80388046,85617518,10.97187,76.92644
501,128,Siruseri 3,Coimbatore,Coimbatore,Tamil Nadu,12.06,Commercial,Red Soil,Non-Irrigated,40766779,50273732,11.05722,76.91038
502,129,Thogamalai 14,Coimbatore,Coimbatore,Tamil Nadu,5.07,Agricultural,Sandy,Non-Irrigated,41348594,46877013,10.97136,76.99276
503,129,Oragadam 17,Coimbatore,Coimbatore,Tamil Nadu,11.14,Barren,Sandy,Irrigated,25708835,29269982,10.9707,76.95775
504,129,Neelambur 19,Coimbatore,Coimbatore,Tamil Nadu,8.86,Industrial,Urban Fill,Partly Irrigated,50727785,54815674,11.07438,77.00409
505,130,Manapakkam 12,Coimbatore,Coimbatore,Tamil Nadu,13.19,Coastal,Loamy,Irrigated,20891599,22919384,10.96621,76.98786
506,130,Madhavaram 15,Coimbatore,Coimbatore,Tamil Nadu,15.13,Coastal,Black Cotton,Non-Irrigated,11841727,15284724,11.0067,76.92116
507,131,Siruseri 6,Tiruvallur,Tiruvallur,Tamil Nadu,15.47,Barren,Alluvial,Irrigated,15606882,20189084,13.17646,79.86249
508,131,Siruseri 8,Tiruvallur,Tiruvallur,Tamil Nadu,17.27,Barren,Urban Fill,Non-Irrigated,10473137,13505729,13.17911,79.87426
509,131,Perungalathur 20,Tiruvallur,Tiruvallur,Tamil Nadu,18.27,Agricultural,Red Soil,Irrigated,12140045,16131498,13.11516,79.94585
510,131,Oragadam 6,Tiruvallur,Tiruvallur,Tamil Nadu,16.74,Forest,Sandy,Irrigated,22946172,27692239,13.18581,79.87607
511,132,Oragadam 1,Tiruvallur,Tiruvallur,Tamil Nadu,7.18,Residential,Sandy,Irrigated,15128328,16272852,13.1827,79.92096
512,132,Kallikudi 9,Tiruvallur,Tiruvallur,Tamil Nadu,18.79,Industrial,Saline,Partly Irrigated,9502787,11004167,13.10833,79.87276
513,133,Samayapuram 11,Tiruvallur,Tiruvallur,Tamil Nadu,8.5,Coastal,Alluvial,Non-Irrigated,10905072,12815682,13.16363,79.8493
514,133,Kallikudi 1,Tiruvallur,Tiruvallur,Tamil Nadu,7.19,Commercial,Red Soil,Non-Irrigated,10599293,13297945,13.14594,79.93467
515,133,Kallikudi 17,Tiruvallur,Tiruvallur,Tamil Nadu,4.53,Agricultural,Saline,Partly Irrigated,19548489,26041657,13.18655,79.95465
516,133,Manapakkam 8,Tiruvallur,Tiruvallur,Tamil Nadu,7.71,Commercial,Sandy,Irrigated,10645961,13854069,13.09756,79.95637
517,133,Perungalathur 12,Tiruvallur,Tiruvallur,Tamil Nadu,12.86,Barren,Loamy,Irrigated,22694272,30579025,13.18137,79.86001
518,133,Padur 10,Tiruvallur,Tiruvallur,Tamil Nadu,21.66,Barren,Black Cotton,Non-Irrigated,9548455,11525131,13.14246,79.90882
519,134,Perungalathur 5,Tiruvallur,Tiruvallur,Tamil Nadu,16.63,Coastal,Black Cotton,Non-Irrigated,9827623,11780131,13.20667,79.94923
520,134,Pudur 3,Tiruvallur,Tiruvallur,Tamil Nadu,17.67,Coastal,Alluvial,Partly Irrigated,17768571,20880263,13.15611,79.84125
521,134,Neelambur 15,Tiruvallur,Tiruvallur,Tamil Nadu,20.65,Residential,Alluvial,Non-Irrigated,14580619,17626850,13.08867,79.92453
522,134,Karanai 9,Tiruvallur,Tiruvallur,Tamil Nadu,3.64,Industrial,Red Soil,Irrigated,7109244,8709700,13.1843,79.86387
523,135,Samayapuram 7,Erode,Erode,Tamil Nadu,16.54,Agricultural,Saline,Non-Irrigated,15378020,16832213,11.33278,77.72781
524,135,Samayapuram 4,Erode,Erode,Tamil Nadu,9.79,Barren,Saline,Partly Irrigated,10942072,13355254,11.33248,77.72444
525,135,Siruseri 9,Erode,Erode,Tamil Nadu,16.73,Agricultural,Sandy,Irrigated,15779823,17968844,11.34419,77.70378
526,136,Kelambakkam 15,Erode,Erode,Tamil Nadu,3.68,Industrial,Red Soil,Non-Irrigated,41090077,48248953,11.35566,77.70674
527,136,Samayapuram 15,Erode,Erode,Tamil Nadu,17.16,Industrial,Black Cotton,Non-Irrigated,49419670,58889910,11.32919,77.71797
528,137,Sriperumbudur 1,Erode,Erode,Tamil Nadu,18.29,Commercial,Red Soil,Irrigated,72031951,86128079,11.36741,77.76373
529,137,Karanai 16,Erode,Erode,Tamil Nadu,16.28,Agricultural,Saline,Irrigated,46672485,52547693,11.3894,77.76928
530,137,Manapakkam 16,Erode,Erode,Tamil Nadu,23.89,Residential,Alluvial,Partly Irrigated,44654708,55942271,11.32945,77.76288
531,137,Padur 7,Erode,Erode,Tamil Nadu,5.14,Agricultural,Urban Fill,Irrigated,50685301,55961781,11.32807,77.78391
532,137,Ayappan Pattinam 14,Erode,Erode,Tamil Nadu,20.45,Residential,Alluvial,Irrigated,30182575,36548918,11.30513,77.66251
533,137,Pammalur 3,Erode,Erode,Tamil Nadu,7.46,Forest,Red Soil,Irrigated,78150662,99052825,11.36656,77.71815
534,138,Kelambakkam 1,Erode,Erode,Tamil Nadu,21.81,Residential,Black Cotton,Partly Irrigated,61459530,70015845,11.32477,77.66653
535,138,Nandambakkam 2,Erode,Erode,Tamil Nadu,19.68,Agricultural,Sandy,Non-Irrigated,56660905,61233700,11.38846,77.70222
536,138,Pudur 18,Erode,Erode,Tamil Nadu,20.57,Forest,Loamy,Non-Irrigated,80806660,96731181,11.34746,77.71576
537,138,Neelambur 16,Erode,Erode,Tamil Nadu,10.07,Agricultural,Black Cotton,Partly Irrigated,47966739,61267881,11.356,77.74602
538,139,Neelambur 2,Erode,Erode,Tamil Nadu,9.68,Industrial,Urban Fill,Non-Irrigated,69866011,90957672,11.30433,77.74582
539,139,Nandambakkam 4,Erode,Erode,Tamil Nadu,17.13,Coastal,Saline,Partly Irrigated,58199069,71986410,11.36858,77.68045
540,139,Thogamalai 7,Erode,Erode,Tamil Nadu,3.58,Barren,Black Cotton,Non-Irrigated,40943934,50356132,11.29594,77.75834
541,140,Padur 19,Erode,Erode,Tamil Nadu,24.03,Commercial,Urban Fill,Partly Irrigated,9462209,10426887,11.38433,77.73968
542,140,Sholinganallur 3,Erode,Erode,Tamil Nadu,12.54,Forest,Red Soil,Non-Irrigated,14221859,17036304,11.36316,77.67727
543,140,Neelambur 4,Erode,Erode,Tamil Nadu,24.97,Barren,Black Cotton,Irrigated,18964037,20396934,11.38133,77.71226
544,140,Padur 1,Erode,Erode,Tamil Nadu,16.35,Commercial,Urban Fill,Irrigated,9957652,11736497,11.39508,77.70449
545,140,Karanai 18,Erode,Erode,Tamil Nadu,21.45,Barren,Black Cotton,Non-Irrigated,15183374,19698485,11.36114,77.74695
546,140,Ayappan Pattinam 10,Erode,Erode,Tamil Nadu,14.92,Coastal,Loamy,Irrigated,5360138,6812269,11.34612,77.69204
547,141,Siruseri 1,Erode,Erode,Tamil Nadu,5.34,Residential,Sandy,Partly Irrigated,21110825,25055793,11.36706,77.74569
548,141,Perungalathur 17,Erode,Erode,Tamil Nadu,17.26,Forest,Saline,Irrigated,20343282,27192727,11.29241,77.73626
549,141,Karanai 12,Erode,Erode,Tamil Nadu,16.11,Barren,Red Soil,Partly Irrigated,21561277,23135420,11.32232,77.71196
550,142,Sriperumbudur 14,Erode,Erode,Tamil Nadu,14.03,Industrial,Alluvial,Irrigated,28183525,37283958,11.40399,77.74102
551,142,Thogamalai 1,Erode,Erode,Tamil Nadu,15.93,Agricultural,Saline,Irrigated,40807454,48811852,11.37794,77.67987
552,142,Sriperumbudur 20,Erode,Erode,Tamil Nadu,15.47,Forest,Saline,Irrigated,62659454,77568737,11.35872,77.66102
553,142,Neelambur 14,Erode,Erode,Tamil Nadu,19.6,Industrial,Alluvial,Irrigated,45183030,53544303,11.32199,77.72886
554,142,Karanai 7,Erode,Erode,Tamil Nadu,10.49,Barren,Black Cotton,Partly Irrigated,46497425,52764824,11.37885,77.66766
555,142,Pammalur 5,Erode,Erode,Tamil Nadu,19.88,Commercial,Black Cotton,Non-Irrigated,42207066,55230910,11.38239,77.7566
556,143,Pammalur 9,Erode,Erode,Tamil Nadu,24.77,Agricultural,Red Soil,Irrigated,15086935,17621651,11.35645,77.71566
557,143,Siruseri 5,Erode,Erode,Tamil Nadu,16.54,Residential,Loamy,Irrigated,18007956,21126864,11.28194,77.74656
558,143,Sholinganallur 17,Erode,Erode,Tamil Nadu,3.31,Forest,Loamy,Irrigated,19531300,25579081,11.30537,77.68852
559,143,Pudur 7,Erode,Erode,Tamil Nadu,17.11,Industrial,Red Soil,Partly Irrigated,16271227,21866009,11.31749,77.74866
560,144,Sriperumbudur 5,Erode,Erode,Tamil Nadu,24.0,Coastal,Black Cotton,Irrigated,64463818,72987847,11.34772,77.66594
561,144,Neelambur 10,Erode,Erode,Tamil Nadu,21.86,Commercial,Saline,Partly Irrigated,38710801,44546738,11.27777,77.67973
562,144,Perungalathur 17,Erode,Erode,Tamil Nadu,13.63,Coastal,Loamy,Irrigated,29525155,36655067,11.28538,77.73833
563,144,Pammalur 10,Erode,Erode,Tamil Nadu,3.91,Agricultural,Black Cotton,Non-Irrigated,50306652,60741535,11.34962,77.67918
564,145,Samayapuram 1,Madurai,Madurai,Tamil Nadu,16.93,Commercial,Saline,Non-Irrigated,54519604,71202580,9.96324,78.07944
565,145,Pudur 15,Madurai,Madurai,Tamil Nadu,10.3,Commercial,Alluvial,Non-Irrigated,55655341,72889126,9.93704,78.14572
566,145,Manapakkam 4,Madurai,Madurai,Tamil Nadu,15.54,Residential,Red Soil,Non-Irrigated,43087591,48896010,9.87847,78.11916
567,146,Thogamalai 19,Madurai,Madurai,Tamil Nadu,24.98,Coastal,Urban Fill,Non-Irrigated,7821031,9874287,9.92475,78.16077
568,146,Ayappan Pattinam 14,Madurai,Madurai,Tamil Nadu,13.85,Forest,Sandy,Irrigated,9721750,10876756,9.94404,78.14024
569,146,Oragadam 15,Madurai,Madurai,Tamil Nadu,20.33,Coastal,Loamy,Non-Irrigated,15244997,18464092,9.97491,78.12315
570,146,Manapakkam 13,Madurai,Madurai,Tamil Nadu,5.27,Commercial,Sandy,Irrigated,19161807,25383507,9.86995,78.14749
571,147,Pammalur 18,Madurai,Madurai,Tamil Nadu,13.22,Residential,Black Cotton,Non-Irrigated,16094038,17737341,9.87279,78.14298
572,147,Pudur 9,Madurai,Madurai,Tamil Nadu,8.87,Commercial,Urban Fill,Irrigated,14196608,17714900,9.96049,78.16091
573,147,Sholinganallur 2,Madurai,Madurai,Tamil Nadu,14.88,Forest,Black Cotton,Irrigated,16192851,20902451,9.90614,78.15318
574,148,Siruseri 4,Krishnagiri,Krishnagiri,Tamil Nadu,9.2,Commercial,Loamy,Partly Irrigated,31067720,33396738,12.52835,78.25958
575,148,Karanai 11,Krishnagiri,Krishnagiri,Tamil Nadu,20.29,Forest,Urban Fill,Non-Irrigated,36912633,45721865,12.45705,78.23493
576,148,Neelambur 14,Krishnagiri,Krishnagiri,Tamil Nadu,12.12,Coastal,Red Soil,Partly Irrigated,35654614,40929922,12.5579,78.23806
577,148,Kallikudi 20,Krishnagiri,Krishnagiri,Tamil Nadu,3.08,Barren,Sandy,Partly Irrigated,39227881,42011488,12.5299,78.17301
578,149,Pudur 3,Krishnagiri,Krishnagiri,Tamil Nadu,10.89,Barren,Urban Fill,Non-Irrigated,21769182,25047277,12.52234,78.24749
579,149,Karanai 15,Krishnagiri,Krishnagiri,Tamil Nadu,24.63,Coastal,Black Cotton,Partly Irrigated,19773802,21145820,12.50164,78.25683
580,149,Karanai 17,Krishnagiri,Krishnagiri,Tamil Nadu,14.79,Commercial,Alluvial,Partly Irrigated,15259838,16120756,12.5696,78.24777
581,150,Ayappan Pattinam 5,Krishnagiri,Krishnagiri,Tamil Nadu,11.37,Residential,Saline,Irrigated,21950796,29361086,12.52819,78.20945
582,150,Pammalur 9,Krishnagiri,Krishnagiri,Tamil Nadu,24.85,Industrial,Red Soil,Non-Irrigated,9754782,10556688,12.56003,78.25334
583,150,Samayapuram 9,Krishnagiri,Krishnagiri,Tamil Nadu,15.29,Commercial,Red Soil,Non-Irrigated,9083652,11195597,12.51673,78.22018
584,150,Ayappan Pattinam 19,Krishnagiri,Krishnagiri,Tamil Nadu,18.48,Coastal,Urban Fill,Partly Irrigated,18256803,23670330,12.56596,78.26322
585,151,Siruseri 2,Krishnagiri,Krishnagiri,Tamil Nadu,21.11,Residential,Black Cotton,Irrigated,11963696,15656240,12.45564,78.27793
586,151,Karanai 20,Krishnagiri,Krishnagiri,Tamil Nadu,17.11,Coastal,Sandy,Irrigated,15279774,19312390,12.53257,78.19374
587,151,Madhavaram 19,Krishnagiri,Krishnagiri,Tamil Nadu,18.93,Coastal,Urban Fill,Partly Irrigated,11668665,13589732,12.51026,78.22563
588,151,Pudur 7,Krishnagiri,Krishnagiri,Tamil Nadu,13.9,Coastal,Saline,Partly Irrigated,12445289,13628144,12.49578,78.19845
589,152,Nandambakkam 13,Krishnagiri,Krishnagiri,Tamil Nadu,3.8,Coastal,Saline,Non-Irrigated,14043909,16630433,12.56453,78.17884
590,152,Ayappan Pattinam 13,Krishnagiri,Krishnagiri,Tamil Nadu,6.04,Coastal,Red Soil,Partly Irrigated,15598064,17822421,12.55281,78.2421
591,152,Thogamalai 10,Krishnagiri,Krishnagiri,Tamil Nadu,21.36,Commercial,Sandy,Non-Irrigated,16381340,22086289,12.45994,78.27732
592,152,Oragadam 20,Krishnagiri,Krishnagiri,Tamil Nadu,18.98,Industrial,Loamy,Partly Irrigated,11426341,15388607,12.54099,78.25208
593,152,Sriperumbudur 5,Krishnagiri,Krishnagiri,Tamil Nadu,11.57,Industrial,Urban Fill,Non-Irrigated,13356124,16806290,12.52022,78.18622
594,152,Oragadam 12,Krishnagiri,Krishnagiri,Tamil Nadu,21.76,Agricultural,Sandy,Non-Irrigated,14856364,15602646,12.4844,78.1963
595,153,Siruseri 14,Krishnagiri,Krishnagiri,Tamil Nadu,17.62,Coastal,Black Cotton,Partly Irrigated,67059898,79380624,12.5234,78.211
596,153,Thogamalai 2,Krishnagiri,Krishnagiri,Tamil Nadu,14.18,Forest,Saline,Irrigated,36078574,47590089,12.51623,78.18982
597,153,Neelambur 6,Krishnagiri,Krishnagiri,Tamil Nadu,9.24,Forest,Alluvial,Non-Irrigated,43720715,51782969,12.53798,78.1994
598,153,Samayapuram 19,Krishnagiri,Krishnagiri,Tamil Nadu,5.04,Industrial,Loamy,Partly Irrigated,29609658,36657027,12.50687,78.25755
599,153,Kallikudi 11,Krishnagiri,Krishnagiri,Tamil Nadu,22.42,Barren,Saline,Irrigated,70029838,80003327,12.52353,78.17014
600,154,Samayapuram 16,Krishnagiri,Krishnagiri,Tamil Nadu,11.25,Commercial,Red Soil,Non-Irrigated,23091427,25691211,12.52974,78.19761
601,154,Neelambur 17,Krishnagiri,Krishnagiri,Tamil Nadu,11.78,Barren,Black Cotton,Partly Irrigated,18657982,20892028,12.49444,78.23642
602,154,Thogamalai 12,Krishnagiri,Krishnagiri,Tamil Nadu,6.01,Commercial,Alluvial,Irrigated,13967293,14871951,12.46114,78.24092
603,154,Madhavaram 1,Krishnagiri,Krishnagiri,Tamil Nadu,10.6,Agricultural,Urban Fill,Partly Irrigated,11450127,12365825,12.47362,78.22395
604,154,Manapakkam 6,Krishnagiri,Krishnagiri,Tamil Nadu,13.03,Residential,Black Cotton,Irrigated,16128358,17236938,12.47155,78.26422
605,155,Sholinganallur 3,Krishnagiri,Krishnagiri,Tamil Nadu,5.01,Commercial,Loamy,Non-Irrigated,9356671,12461312,12.57008,78.15783
606,155,Samayapuram 6,Krishnagiri,Krishnagiri,Tamil Nadu,20.28,Agricultural,Alluvial,Irrigated,8793294,11497171,12.55172,78.1703
607,155,Kelambakkam 20,Krishnagiri,Krishnagiri,Tamil Nadu,22.48,Commercial,Loamy,Partly Irrigated,10749922,11900760,12.5482,78.15488
608,156,Madhavaram 3,Namakkal,Namakkal,Tamil Nadu,3.52,Barren,Saline,Partly Irrigated,15726907,18968425,11.27241,78.14567
609,156,Samayapuram 4,Namakkal,Namakkal,Tamil Nadu,6.1,Agricultural,Saline,Non-Irrigated,16863997,19980236,11.17401,78.20562
610,157,Kallikudi 20,Namakkal,Namakkal,Tamil Nadu,11.7,Barren,Red Soil,Non-Irrigated,12113621,14041682,11.20701,78.19703
611,157,Oragadam 5,Namakkal,Namakkal,Tamil Nadu,4.4,Forest,Loamy,Non-Irrigated,11405649,13827327,11.24162,78.20879
612,157,Sholinganallur 2,Namakkal,Namakkal,Tamil Nadu,8.39,Commercial,Saline,Non-Irrigated,6891271,7755147,11.20331,78.17913
613,157,Karanai 5,Namakkal,Namakkal,Tamil Nadu,13.99,Forest,Red Soil,Partly Irrigated,6000662,6441477,11.22127,78.12657
614,157,Pammalur 6,Namakkal,Namakkal,Tamil Nadu,16.38,Coastal,Saline,Non-Irrigated,11052272,12039754,11.2433,78.17126
615,158,Nandambakkam 4,Namakkal,Namakkal,Tamil Nadu,19.67,Industrial,Sandy,Partly Irrigated,39704014,46857458,11.25665,78.2038
616,158,Pudur 1,Namakkal,Namakkal,Tamil Nadu,19.24,Forest,Sandy,Irrigated,58557825,69374512,11.17886,78.12533
617,158,Perungalathur 3,Namakkal,Namakkal,Tamil Nadu,14.73,Residential,Saline,Non-Irrigated,57107175,73590245,11.25651,78.19243
618,159,Thogamalai 6,Namakkal,Namakkal,Tamil Nadu,5.79,Coastal,Urban Fill,Non-Irrigated,13243565,14786392,11.23244,78.14222
619,159,Samayapuram 12,Namakkal,Namakkal,Tamil Nadu,22.22,Barren,Sandy,Partly Irrigated,16487899,19411601,11.17492,78.1867
620,159,Ayappan Pattinam 6,Namakkal,Namakkal,Tamil Nadu,18.62,Barren,Red Soil,Non-Irrigated,9093639,11309615,11.22735,78.15429
621,160,Padur 3,Namakkal,Namakkal,Tamil Nadu,11.37,Forest,Alluvial,Irrigated,13199124,15282083,11.197,78.14507
622,160,Karanai 13,Namakkal,Namakkal,Tamil Nadu,3.88,Residential,Red Soil,Partly Irrigated,23248602,26850749,11.21872,78.12641
623,160,Oragadam 17,Namakkal,Namakkal,Tamil Nadu,15.46,Agricultural,Red Soil,Non-Irrigated,14114645,15887652,11.21321,78.19802
624,160,Manapakkam 11,Namakkal,Namakkal,Tamil Nadu,7.65,Forest,Urban Fill,Irrigated,9865507,12836766,11.25025,78.18913
625,160,Manapakkam 7,Namakkal,Namakkal,Tamil Nadu,6.19,Industrial,Loamy,Irrigated,9440442,11121168,11.1805,78.13153
626,161,Kelambakkam 5,Namakkal,Namakkal,Tamil Nadu,10.84,Agricultural,Urban Fill,Partly Irrigated,56940628,61494239,11.24772,78.18826
627,161,Nandambakkam 8,Namakkal,Namakkal,Tamil Nadu,7.81,Agricultural,Red Soil,Non-Irrigated,51077372,63637523,11.17675,78.19873
628,161,Padur 10,Namakkal,Namakkal,Tamil Nadu,20.64,Industrial,Urban Fill,Partly Irrigated,55515956,67259070,11.25307,78.18815
629,161,Sholinganallur 17,Namakkal,Namakkal,Tamil Nadu,9.42,Residential,Urban Fill,Irrigated,72197374,94849117,11.18945,78.15459
630,161,Kelambakkam 14,Namakkal,Namakkal,Tamil Nadu,10.28,Coastal,Loamy,Non-Irrigated,65057718,86884046,11.19435,78.22135
631,162,Madhavaram 20,Namakkal,Namakkal,Tamil Nadu,24.47,Commercial,Alluvial,Non-Irrigated,12367573,15508611,11.20784,78.11741
632,162,Karanai 1,Namakkal,Namakkal,Tamil Nadu,10.98,Forest,Sandy,Partly Irrigated,11179384,12450592,11.24233,78.14409
633,162,Kelambakkam 6,Namakkal,Namakkal,Tamil Nadu,17.55,Forest,Saline,Irrigated,22006732,24200570,11.18338,78.22046
634,163,Karanai 2,Tiruchirappalli,Tiruchirappalli,Tamil Nadu,16.24,Coastal,Black Cotton,Non-Irrigated,10785440,14194069,10.76613,78.65974
635,163,Pudur 3,Tiruchirappalli,Tiruchirappalli,Tamil Nadu,5.98,Agricultural,Loamy,Partly Irrigated,10214338,13595729,10.83522,78.69149
636,163,Karanai 16,Tiruchirappalli,Tiruchirappalli,Tamil Nadu,5.79,Residential,Sandy,Non-Irrigated,12251146,13096403,10.82977,78.69162
637,164,Nandambakkam 16,Tiruchirappalli,Tiruchirappalli,Tamil Nadu,7.52,Agricultural,Alluvial,Irrigated,16802517,22633565,10.83803,78.7545
638,164,Pudur 7,Tiruchirappalli,Tiruchirappalli,Tamil Nadu,22.25,Coastal,Urban Fill,Irrigated,14588075,19418834,10.78279,78.72533
639,164,Kallikudi 7,Tiruchirappalli,Tiruchirappalli,Tamil Nadu,11.99,Agricultural,Saline,Partly Irrigated,19596848,24599975,10.73829,78.69357
640,164,Thogamalai 6,Tiruchirappalli,Tiruchirappalli,Tamil Nadu,7.25,Residential,Black Cotton,Partly Irrigated,7008658,8704428,10.74393,78.68915
641,164,Padur 2,Tiruchirappalli,Tiruchirappalli,Tamil Nadu,23.34,Barren,Alluvial,Irrigated,11504089,14234389,10.84425,78.719
642,165,Thogamalai 9,Tiruchirappalli,Tiruchirappalli,Tamil Nadu,14.85,Commercial,Urban Fill,Non-Irrigated,13315817,15334859,10.7341,78.65788
643,165,Nandambakkam 18,Tiruchirappalli,Tiruchirappalli,Tamil Nadu,8.0,Forest,Urban Fill,Partly Irrigated,6960802,8406955,10.73284,78.68608
644,165,Kallikudi 19,Tiruchirappalli,Tiruchirappalli,Tamil Nadu,19.73,Barren,Loamy,Non-Irrigated,12799700,16222044,10.80748,78.69217
645,165,Perungalathur 12,Tiruchirappalli,Tiruchirappalli,Tamil Nadu,24.13,Industrial,Alluvial,Partly Irrigated,12084330,14959497,10.81333,78.71135
646,166,Karanai 11,Tiruchirappalli,Tiruchirappalli,Tamil Nadu,3.62,Agricultural,Urban Fill,Irrigated,7570982,9755792,10.76041,78.64411
647,166,Siruseri 14,Tiruchirappalli,Tiruchirappalli,Tamil Nadu,4.12,Barren,Black Cotton,Partly Irrigated,16038508,21466122,10.74451,78.66325
648,166,Oragadam 11,Tiruchirappalli,Tiruchirappalli,Tamil Nadu,22.25,Forest,Urban Fill,Irrigated,12535316,13903303,10.80437,78.68332
649,166,Perungalathur 17,Tiruchirappalli,Tiruchirappalli,Tamil Nadu,19.16,Commercial,Black Cotton,Non-Irrigated,10228091,10808717,10.80402,78.74929
650,167,Madhavaram 8,Tiruchirappalli,Tiruchirappalli,Tamil Nadu,11.63,Coastal,Sandy,Partly Irrigated,67248528,79463151,10.82002,78.72603
651,167,Kallikudi 19,Tiruchirappalli,Tiruchirappalli,Tamil Nadu,9.46,Commercial,Loamy,Partly Irrigated,60061547,75218426,10.80762,78.6875
652,167,Perungalathur 3,Tiruchirappalli,Tiruchirappalli,Tamil Nadu,21.62,Barren,Loamy,Partly Irrigated,42451872,46654969,10.82145,78.72429
653,167,Pudur 15,Tiruchirappalli,Tiruchirappalli,Tamil Nadu,8.56,Industrial,Urban Fill,Partly Irrigated,64468919,78109023,10.77527,78.65822
654,167,Thogamalai 2,Tiruchirappalli,Tiruchirappalli,Tamil Nadu,22.76,Coastal,Black Cotton,Partly Irrigated,43568138,51647459,10.73451,78.6731
655,167,Oragadam 16,Tiruchirappalli,Tiruchirappalli,Tamil Nadu,12.34,Industrial,Urban Fill,Non-Irrigated,78291759,95186639,10.82513,78.68429
656,168,Kelambakkam 5,Tiruchirappalli,Tiruchirappalli,Tamil Nadu,13.62,Residential,Sandy,Irrigated,11154358,13458109,10.82048,78.66236
657,168,Karanai 8,Tiruchirappalli,Tiruchirappalli,Tamil Nadu,8.21,Barren,Sandy,Partly Irrigated,9200665,10156465,10.83491,78.65254
658,169,Samayapuram 16,Tiruchirappalli,Tiruchirappalli,Tamil Nadu,22.1,Coastal,Saline,Partly Irrigated,12161915,15000905,10.80396,78.68063
659,169,Kallikudi 16,Tiruchirappalli,Tiruchirappalli,Tamil Nadu,9.54,Residential,Red Soil,Partly Irrigated,5162747,5964070,10.7501,78.74871
660,169,Perungalathur 16,Tiruchirappalli,Tiruchirappalli,Tamil Nadu,17.22,Industrial,Loamy,Partly Irrigated,10105208,13115589,10.73505,78.76154
661,170,Sriperumbudur 2,Tiruchirappalli,Tiruchirappalli,Tamil Nadu,13.93,Industrial,Urban Fill,Irrigated,11352521,14106740,10.76379,78.69354
662,170,Sholinganallur 13,Tiruchirappalli,Tiruchirappalli,Tamil Nadu,5.22,Coastal,Alluvial,Partly Irrigated,18266286,22113692,10.82633,78.7438
663,171,Sriperumbudur 7,Tiruchirappalli,Tiruchirappalli,Tamil Nadu,20.2,Agricultural,Saline,Non-Irrigated,22998446,24503724,10.75822,78.67505
664,171,Perungalathur 13,Tiruchirappalli,Tiruchirappalli,Tamil Nadu,8.29,Coastal,Loamy,Irrigated,7724976,8505384,10.83393,78.72496
665,171,Kallikudi 17,Tiruchirappalli,Tiruchirappalli,Tamil Nadu,20.73,Industrial,Alluvial,Irrigated,10350908,11092353,10.79812,78.72741
666,172,Neelambur 17,Karur,Karur,Tamil Nadu,15.97,Barren,Red Soil,Irrigated,9529613,10399288,10.95916,78.11585
667,172,Thogamalai 16,Karur,Karur,Tamil Nadu,17.97,Forest,Loamy,Non-Irrigated,7051269,7984012,10.96594,78.02756
668,173,Ayappan Pattinam 15,Karur,Karur,Tamil Nadu,21.29,Commercial,Black Cotton,Irrigated,6488524,7047881,10.97078,78.06618
669,173,Karanai 3,Karur,Karur,Tamil Nadu,9.24,Agricultural,Loamy,Non-Irrigated,12061721,13618363,10.98187,78.05009
670,173,Pammalur 10,Karur,Karur,Tamil Nadu,10.08,Forest,Red Soil,Irrigated,7202220,9196916,10.9253,78.0475
671,173,Sholinganallur 12,Karur,Karur,Tamil Nadu,5.74,Agricultural,Sandy,Non-Irrigated,15764742,20255799,11.00442,78.13248
672,173,Nandambakkam 16,Karur,Karur,Tamil Nadu,16.38,Forest,Urban Fill,Irrigated,14236443,15900756,10.97272,78.09283
673,174,Padur 15,Karur,Karur,Tamil Nadu,21.47,Forest,Sandy,Partly Irrigated,50347305,57368017,10.97219,78.13057
674,174,Thogamalai 16,Karur,Karur,Tamil Nadu,4.32,Barren,Urban Fill,Partly Irrigated,44249006,47672856,10.9565,78.02795
675,174,Perungalathur 5,Karur,Karur,Tamil Nadu,8.81,Forest,Sandy,Irrigated,73979379,88888751,10.9486,78.0471
676,174,Oragadam 13,Karur,Karur,Tamil Nadu,5.02,Forest,Sandy,Irrigated,53621688,69645158,10.9834,78.04423
677,174,Thogamalai 5,Karur,Karur,Tamil Nadu,11.47,Agricultural,Sandy,Partly Irrigated,40901998,51411147,10.97037,78.10069
678,175,Pammalur 16,Karur,Karur,Tamil Nadu,8.88,Commercial,Urban Fill,Partly Irrigated,13962122,14765938,11.01581,78.07612
679,175,Oragadam 14,Karur,Karur,Tamil Nadu,20.58,Coastal,Sandy,Irrigated,14092923,15792801,10.95968,78.11909
680,175,Pudur 18,Karur,Karur,Tamil Nadu,10.52,Residential,Black Cotton,Irrigated,10278931,11823931,10.92518,78.03761
681,175,Pammalur 9,Karur,Karur,Tamil Nadu,8.19,Barren,Saline,Non-Irrigated,17689694,19809190,10.94177,78.11207
682,175,Oragadam 11,Karur,Karur,Tamil Nadu,23.25,Forest,Sandy,Non-Irrigated,7046916,8886140,10.95602,78.1064
683,175,Sriperumbudur 9,Karur,Karur,Tamil Nadu,7.32,Forest,Red Soil,Non-Irrigated,10159871,12229659,10.99559,78.06014
684,176,Karanai 3,Karur,Karur,Tamil Nadu,12.91,Barren,Sandy,Irrigated,7898849,10236991,10.98321,78.05831
685,176,Sriperumbudur 6,Karur,Karur,Tamil Nadu,9.26,Commercial,Loamy,Non-Irrigated,13989327,18669784,10.97608,78.04549
686,176,Pammalur 16,Karur,Karur,Tamil Nadu,22.35,Barren,Sandy,Irrigated,10374555,12664104,11.00391,78.07838
687,176,Oragadam 18,Karur,Karur,Tamil Nadu,20.03,Forest,Alluvial,Partly Irrigated,15565551,18478048,10.97019,78.06175
688,177,Pudur 18,Karur,Karur,Tamil Nadu,10.8,Commercial,Saline,Irrigated,44839146,59926508,10.92255,78.02379
689,177,Kelambakkam 15,Karur,Karur,Tamil Nadu,10.47,Forest,Urban Fill,Partly Irrigated,37839400,43474395,11.00083,78.03118
690,178,Karanai 16,Krishnagiri,Krishnagiri,Tamil Nadu,3.87,Coastal,Urban Fill,Non-Irrigated,44243837,55103986,12.55542,78.17946
691,178,Kallikudi 11,Krishnagiri,Krishnagiri,Tamil Nadu,18.29,Commercial,Urban Fill,Partly Irrigated,66920523,82228665,12.52753,78.18086
692,178,Madhavaram 11,Krishnagiri,Krishnagiri,Tamil Nadu,23.09,Industrial,Red Soil,Partly Irrigated,30396478,36192577,12.57373,78.19518
693,179,Sholinganallur 9,Krishnagiri,Krishnagiri,Tamil Nadu,19.05,Agricultural,Alluvial,Irrigated,18743589,20286296,12.49811,78.26464
694,179,Padur 7,Krishnagiri,Krishnagiri,Tamil Nadu,22.7,Commercial,Red Soil,Irrigated,18477930,23856163,12.57432,78.16426
695,179,Sholinganallur 9,Krishnagiri,Krishnagiri,Tamil Nadu,12.99,Agricultural,Urban Fill,Partly Irrigated,16325153,19242116,12.51275,78.25673
696,180,Kelambakkam 5,Krishnagiri,Krishnagiri,Tamil Nadu,8.12,Barren,Alluvial,Irrigated,11313873,14620231,12.5319,78.17147
697,180,Ayappan Pattinam 15,Krishnagiri,Krishnagiri,Tamil Nadu,11.97,Coastal,Sandy,Irrigated,9551184,12425876,12.51283,78.19334
698,181,Ayappan Pattinam 12,Krishnagiri,Krishnagiri,Tamil Nadu,23.6,Agricultural,Saline,Partly Irrigated,9830363,12443514,12.4901,78.23303
699,181,Sriperumbudur 17,Krishnagiri,Krishnagiri,Tamil Nadu,13.09,Coastal,Black Cotton,Irrigated,15712876,19355098,12.53934,78.15763
700,181,Neelambur 10,Krishnagiri,Krishnagiri,Tamil Nadu,6.68,Forest,Alluvial,Non-Irrigated,17613252,19798560,12.52459,78.17726
701,181,Oragadam 16,Krishnagiri,Krishnagiri,Tamil Nadu,4.38,Commercial,Red Soil,Non-Irrigated,10399407,13430947,12.5108,78.27516
702,182,Madhavaram 18,Krishnagiri,Krishnagiri,Tamil Nadu,7.64,Coastal,Saline,Partly Irrigated,9680052,10968677,12.52462,78.17897
703,182,Thogamalai 5,Krishnagiri,Krishnagiri,Tamil Nadu,21.36,Residential,Loamy,Irrigated,14456725,15448890,12.5501,78.24601
704,182,Padur 1,Krishnagiri,Krishnagiri,Tamil Nadu,8.54,Forest,Saline,Irrigated,16480569,20009042,12.47773,78.20837
705,182,Sriperumbudur 11,Krishnagiri,Krishnagiri,Tamil Nadu,5.24,Residential,Loamy,Partly Irrigated,9701637,12635292,12.5333,78.22702
706,182,Perungalathur 19,Krishnagiri,Krishnagiri,Tamil Nadu,19.73,Coastal,Saline,Partly Irrigated,11827272,15015300,12.54543,78.17326
707,182,Sriperumbudur 7,Krishnagiri,Krishnagiri,Tamil Nadu,12.81,Forest,Black Cotton,Irrigated,13151269,16749634,12.57115,78.24605
708,183,Neelambur 20,Krishnagiri,Krishnagiri,Tamil Nadu,16.84,Industrial,Sandy,Partly Irrigated,48247908,61484518,12.54182,78.22706
709,183,Manapakkam 1,Krishnagiri,Krishnagiri,Tamil Nadu,10.12,Forest,Alluvial,Irrigated,42375756,47980134,12.50912,78.2082
710,183,Neelambur 15,Krishnagiri,Krishnagiri,Tamil Nadu,7.38,Agricultural,Black Cotton,Irrigated,44997321,50998381,12.5508,78.20631
711,183,Karanai 17,Krishnagiri,Krishnagiri,Tamil Nadu,23.09,Agricultural,Alluvial,Partly Irrigated,63927861,69209998,12.58083,78.24667
712,183,Sholinganallur 15,Krishnagiri,Krishnagiri,Tamil Nadu,12.28,Barren,Saline,Partly Irrigated,55153481,67380082,12.50824,78.24507
713,183,Sholinganallur 15,Krishnagiri,Krishnagiri,Tamil Nadu,20.26,Agricultural,Red Soil,Irrigated,38574447,50466395,12.50816,78.24611
714,184,Oragadam 16,Madurai,Madurai,Tamil Nadu,16.09,Commercial,Loamy,Non-Irrigated,15326114,19193261,9.94162,78.15111
715,184,Kallikudi 6,Madurai,Madurai,Tamil Nadu,13.74,Agricultural,Red Soil,Non-Irrigated,10545277,13940488,9.93086,78.12672
716,184,Thogamalai 19,Madurai,Madurai,Tamil Nadu,3.2,Barren,Red Soil,Irrigated,6422889,8088214,9.92219,78.16952
717,184,Thogamalai 18,Madurai,Madurai,Tamil Nadu,11.91,Industrial,Loamy,Non-Irrigated,7883340,8466262,9.96587,78.07943
718,184,Siruseri 6,Madurai,Madurai,Tamil Nadu,19.9,Agricultural,Black Cotton,Partly Irrigated,11141837,13908419,9.93139,78.08947
719,184,Sriperumbudur 13,Madurai,Madurai,Tamil Nadu,15.46,Forest,Saline,Irrigated,18685981,21578344,9.93214,78.16278
720,185,Madhavaram 10,Madurai,Madurai,Tamil Nadu,13.93,Residential,Sandy,Irrigated,67403525,87105625,9.94787,78.07589
721,185,Thogamalai 2,Madurai,Madurai,Tamil Nadu,13.36,Forest,Sandy,Irrigated,39773171,42615257,9.90127,78.13118
722,185,Siruseri 6,Madurai,Madurai,Tamil Nadu,11.54,Industrial,Alluvial,Partly Irrigated,72130754,91580147,9.93248,78.09896
723,185,Thogamalai 15,Madurai,Madurai,Tamil Nadu,22.17,Industrial,Loamy,Partly Irrigated,46765898,50485097,9.93504,78.09069
724,186,Siruseri 6,Madurai,Madurai,Tamil Nadu,19.07,Commercial,Red Soil,Partly Irrigated,15096382,20377573,9.93331,78.10389
725,186,Sriperumbudur 18,Madurai,Madurai,Tamil Nadu,21.35,Residential,Sandy,Irrigated,17045446,18046898,9.93246,78.10337
726,186,Ayappan Pattinam 1,Madurai,Madurai,Tamil Nadu,7.14,Commercial,Saline,Partly Irrigated,8423259,9025052,9.88168,78.14844
727,187,Ayappan Pattinam 16,Thanjavur,Thanjavur,Tamil Nadu,16.6,Commercial,Loamy,Non-Irrigated,17156696,18325743,10.77736,79.18688
728,187,Manapakkam 10,Thanjavur,Thanjavur,Tamil Nadu,7.85,Residential,Red Soil,Irrigated,16254659,17478510,10.75803,79.20066
729,187,Kelambakkam 12,Thanjavur,Thanjavur,Tamil Nadu,10.5,Agricultural,Black Cotton,Non-Irrigated,14280680,15763721,10.75988,79.18191
730,188,Manapakkam 13,Thanjavur,Thanjavur,Tamil Nadu,20.4,Coastal,Red Soil,Irrigated,7735510,10056551,10.81405,79.14964
731,188,Sholinganallur 15,Thanjavur,Thanjavur,Tamil Nadu,22.82,Agricultural,Alluvial,Irrigated,17030731,19395236,10.8277,79.16933
732,188,Thogamalai 7,Thanjavur,Thanjavur,Tamil Nadu,11.88,Barren,Alluvial,Non-Irrigated,7296257,7969237,10.78852,79.19589
733,188,Ayappan Pattinam 18,Thanjavur,Thanjavur,Tamil Nadu,17.95,Commercial,Alluvial,Irrigated,7739292,8497818,10.80938,79.14831
734,188,Pammalur 10,Thanjavur,Thanjavur,Tamil Nadu,7.83,Agricultural,Red Soil,Partly Irrigated,9828691,10717160,10.83385,79.19894
735,189,Nandambakkam 7,Thanjavur,Thanjavur,Tamil Nadu,16.87,Commercial,Loamy,Partly Irrigated,70381018,83827722,10.82637,79.0875
736,189,Pudur 17,Thanjavur,Thanjavur,Tamil Nadu,19.29,Barren,Black Cotton,Partly Irrigated,55330594,62259399,10.72815,79.08945
737,189,Nandambakkam 1,Thanjavur,Thanjavur,Tamil Nadu,13.83,Barren,Black Cotton,Partly Irrigated,42480243,49092684,10.74849,79.15668
738,189,Sholinganallur 15,Thanjavur,Thanjavur,Tamil Nadu,21.62,Agricultural,Red Soil,Partly Irrigated,33928854,42064816,10.82071,79.16592
739,190,Perungalathur 15,Thanjavur,Thanjavur,Tamil Nadu,7.21,Commercial,Alluvial,Partly Irrigated,8598661,10932118,10.7533,79.15444
740,190,Pudur 1,Thanjavur,Thanjavur,Tamil Nadu,7.63,Agricultural,Urban Fill,Partly Irrigated,12059429,14817470,10.76626,79.18907
741,191,Pammalur 11,Chennai,Chennai,Tamil Nadu,24.16,Residential,Alluvial,Non-Irrigated,64550433,78551487,13.09809,80.26208
742,191,Siruseri 6,Chennai,Chennai,Tamil Nadu,4.48,Industrial,Sandy,Irrigated,40602831,49397005,13.1085,80.25165
743,191,Manapakkam 5,Chennai,Chennai,Tamil Nadu,15.9,Commercial,Loamy,Partly Irrigated,54007211,57610730,13.1106,80.22349
744,191,Manapakkam 10,Chennai,Chennai,Tamil Nadu,7.85,Barren,Loamy,Non-Irrigated,49676695,66692397,13.06715,80.24958
745,191,Siruseri 14,Chennai,Chennai,Tamil Nadu,21.7,Barren,Saline,Non-Irrigated,32036222,34555831,13.08883,80.22772
746,192,Neelambur 20,Chennai,Chennai,Tamil Nadu,16.19,Residential,Urban Fill,Non-Irrigated,38287928,49876866,13.05376,80.25927
747,192,Perungalathur 9,Chennai,Chennai,Tamil Nadu,4.58,Industrial,Sandy,Irrigated,64872516,84407841,13.08824,80.26182
748,192,Siruseri 19,Chennai,Chennai,Tamil Nadu,5.91,Industrial,Loamy,Irrigated,78557832,104540321,13.08016,80.26584
749,193,Pudur 8,Chennai,Chennai,Tamil Nadu,6.43,Industrial,Saline,Partly Irrigated,37585175,45482427,13.08532,80.26482
750,193,Neelambur 14,Chennai,Chennai,Tamil Nadu,3.67,Coastal,Alluvial,Irrigated,41637570,45151434,13.10681,80.24832
751,193,Oragadam 1,Chennai,Chennai,Tamil Nadu,20.81,Commercial,Urban Fill,Partly Irrigated,69599314,82974951,13.09591,80.26837
752,193,Karanai 8,Chennai,Chennai,Tamil Nadu,15.09,Barren,Saline,Partly Irrigated,41116223,48144319,13.09333,80.24454
753,193,Manapakkam 11,Chennai,Chennai,Tamil Nadu,18.68,Industrial,Urban Fill,Partly Irrigated,58044906,69911884,13.11073,80.23903
754,194,Madhavaram 13,Kancheepuram,Kancheepuram,Tamil Nadu,16.24,Commercial,Saline,Non-Irrigated,53510268,59588427,12.87082,79.66477
755,194,Manapakkam 14,Kancheepuram,Kancheepuram,Tamil Nadu,16.26,Agricultural,Sandy,Irrigated,52253338,63313919,12.80697,79.70149
756,194,Ayappan Pattinam 5,Kancheepuram,Kancheepuram,Tamil Nadu,18.71,Industrial,Alluvial,Partly Irrigated,47340251,62334362,12.82564,79.72126
757,194,Kallikudi 6,Kancheepuram,Kancheepuram,Tamil Nadu,19.17,Barren,Urban Fill,Non-Irrigated,60474972,68695025,12.8563,79.65971
758,195,Karanai 16,Kancheepuram,Kancheepuram,Tamil Nadu,13.37,Agricultural,Red Soil,Partly Irrigated,15850043,16980305,12.77948,79.7549
759,195,Kelambakkam 9,Kancheepuram,Kancheepuram,Tamil Nadu,15.8,Industrial,Red Soil,Non-Irrigated,15565226,18320758,12.85692,79.71968
760,195,Madhavaram 3,Kancheepuram,Kancheepuram,Tamil Nadu,16.22,Agricultural,Loamy,Irrigated,17208660,19470989,12.82602,79.73632
761,195,Sholinganallur 10,Kancheepuram,Kancheepuram,Tamil Nadu,14.35,Industrial,Loamy,Irrigated,14263318,18814307,12.81644,79.74037
762,195,Siruseri 10,Kancheepuram,Kancheepuram,Tamil Nadu,16.22,Agricultural,Urban Fill,Non-Irrigated,12632080,15256684,12.80694,79.74603
763,195,Madhavaram 13,Kancheepuram,Kancheepuram,Tamil Nadu,6.22,Agricultural,Saline,Non-Irrigated,15732409,20892456,12.86836,79.67802
764,196,Neelambur 13,Kancheepuram,Kancheepuram,Tamil Nadu,23.13,Industrial,Sandy,Irrigated,8361040,9695876,12.83303,79.66523
765,196,Oragadam 17,Kancheepuram,Kancheepuram,Tamil Nadu,12.58,Residential,Red Soil,Partly Irrigated,10647106,13035219,12.83394,79.73963
766,196,Samayapuram 6,Kancheepuram,Kancheepuram,Tamil Nadu,5.94,Barren,Saline,Non-Irrigated,15032594,20066926,12.87913,79.67587
767,196,Pammalur 19,Kancheepuram,Kancheepuram,Tamil Nadu,20.05,Commercial,Red Soil,Non-Irrigated,10293191,10827617,12.86449,79.71413
768,196,Perungalathur 10,Kancheepuram,Kancheepuram,Tamil Nadu,10.42,Industrial,Sandy,Partly Irrigated,8992217,10050015,12.84337,79.65277
769,197,Manapakkam 13,Kancheepuram,Kancheepuram,Tamil Nadu,24.75,Residential,Saline,Non-Irrigated,47280475,49979158,12.8211,79.68464
770,197,Padur 4,Kancheepuram,Kancheepuram,Tamil Nadu,3.51,Agricultural,Black Cotton,Partly Irrigated,42858155,49163070,12.787,79.70901
771,197,Siruseri 5,Kancheepuram,Kancheepuram,Tamil Nadu,5.94,Agricultural,Alluvial,Non-Irrigated,64243944,68345116,12.83206,79.67358
772,198,Siruseri 19,Kancheepuram,Kancheepuram,Tamil Nadu,12.47,Commercial,Urban Fill,Non-Irrigated,8643835,9611876,12.81086,79.68112
773,198,Sholinganallur 15,Kancheepuram,Kancheepuram,Tamil Nadu,23.63,Commercial,Urban Fill,Partly Irrigated,9516469,11124946,12.79919,79.70968
774,198,Madhavaram 15,Kancheepuram,Kancheepuram,Tamil Nadu,15.09,Commercial,Loamy,Irrigated,14114853,15925582,12.88788,79.70624
775,198,Siruseri 14,Kancheepuram,Kancheepuram,Tamil Nadu,13.6,Coastal,Saline,Non-Irrigated,7832096,10373670,12.79478,79.69634
776,199,Neelambur 12,Kancheepuram,Kancheepuram,Tamil Nadu,21.26,Coastal,Sandy,Partly Irrigated,49384717,61636357,12.85342,79.74075
777,199,Neelambur 20,Kancheepuram,Kancheepuram,Tamil Nadu,21.92,Commercial,Saline,Partly Irrigated,30823710,33694408,12.87527,79.74184
778,199,Sholinganallur 14,Kancheepuram,Kancheepuram,Tamil Nadu,13.59,Forest,Red Soil,Irrigated,53680216,69048427,12.85182,79.6679
779,199,Padur 18,Kancheepuram,Kancheepuram,Tamil Nadu,11.5,Coastal,Red Soil,Partly Irrigated,52666566,65981661,12.79807,79.68806
780,199,Madhavaram 11,Kancheepuram,Kancheepuram,Tamil Nadu,19.36,Agricultural,Red Soil,Partly Irrigated,59078230,79283781,12.8742,79.73589
781,199,Thogamalai 6,Kancheepuram,Kancheepuram,Tamil Nadu,3.35,Agricultural,Loamy,Partly Irrigated,33689011,40289907,12.84154,79.7128
782,200,Madhavaram 15,Kancheepuram,Kancheepuram,Tamil Nadu,23.5,Coastal,Alluvial,Non-Irrigated,9552362,11010806,12.88434,79.7048
783,200,Siruseri 7,Kancheepuram,Kancheepuram,Tamil Nadu,14.16,Residential,Loamy,Irrigated,10336175,11045635,12.84468,79.66403
784,200,Sholinganallur 1,Kancheepuram,Kancheepuram,Tamil Nadu,17.67,Commercial,Black Cotton,Partly Irrigated,12193490,15369226,12.78732,79.6661
785,201,Samayapuram 12,Kancheepuram,Kancheepuram,Tamil Nadu,7.44,Forest,Red Soil,Non-Irrigated,7622507,9844667,12.83876,79.64275
786,201,Padur 13,Kancheepuram,Kancheepuram,Tamil Nadu,3.55,Barren,Loamy,Irrigated,12505013,15550791,12.84089,79.69992
787,201,Sholinganallur 3,Kancheepuram,Kancheepuram,Tamil Nadu,8.94,Residential,Loamy,Irrigated,14799160,17669568,12.85282,79.69544
788,201,Pudur 6,Kancheepuram,Kancheepuram,Tamil Nadu,13.07,Barren,Loamy,Partly Irrigated,16116363,18522870,12.79289,79.72726
789,201,Pudur 20,Kancheepuram,Kancheepuram,Tamil Nadu,14.67,Industrial,Alluvial,Non-Irrigated,12165835,14593862,12.82833,79.66851
790,202,Perungalathur 18,Kancheepuram,Kancheepuram,Tamil Nadu,13.11,Industrial,Loamy,Irrigated,59592515,80168803,12.84145,79.73888
791,202,Oragadam 4,Kancheepuram,Kancheepuram,Tamil Nadu,11.62,Forest,Black Cotton,Irrigated,25010246,27761752,12.83054,79.73288
792,202,Karanai 15,Kancheepuram,Kancheepuram,Tamil Nadu,24.44,Agricultural,Loamy,Partly Irrigated,53173858,63949147,12.86577,79.66235
793,202,Samayapuram 3,Kancheepuram,Kancheepuram,Tamil Nadu,16.22,Commercial,Red Soil,Partly Irrigated,33984634,41789243,12.81007,79.71235
794,202,Pudur 12,Kancheepuram,Kancheepuram,Tamil Nadu,13.9,Barren,Red Soil,Irrigated,41789444,50678367,12.88551,79.6707
795,203,Perungalathur 7,Vellore,Vellore,Tamil Nadu,14.64,Barren,Red Soil,Non-Irrigated,50313186,54527690,12.93015,79.13198
796,203,Manapakkam 13,Vellore,Vellore,Tamil Nadu,8.16,Forest,Saline,Partly Irrigated,62169228,72365231,12.86135,79.11473
797,203,Kelambakkam 17,Vellore,Vellore,Tamil Nadu,13.31,Industrial,Sandy,Non-Irrigated,60707997,67428252,12.92034,79.1404
798,203,Perungalathur 13,Vellore,Vellore,Tamil Nadu,14.76,Industrial,Loamy,Partly Irrigated,57901682,72748746,12.9683,79.15193
799,203,Perungalathur 5,Vellore,Vellore,Tamil Nadu,5.61,Commercial,Urban Fill,Irrigated,70546901,80510541,12.96317,79.0818
800,203,Pammalur 9,Vellore,Vellore,Tamil Nadu,24.99,Industrial,Sandy,Irrigated,33677383,36536477,12.97023,79.16172
801,204,Pammalur 10,Vellore,Vellore,Tamil Nadu,5.72,Agricultural,Red Soil,Irrigated,13063658,15811498,12.92119,79.09251
802,204,Ayappan Pattinam 16,Vellore,Vellore,Tamil Nadu,19.98,Forest,Loamy,Partly Irrigated,12492129,14527348,12.87667,79.13147
803,204,Madhavaram 18,Vellore,Vellore,Tamil Nadu,6.96,Commercial,Urban Fill,Irrigated,13670491,14501748,12.88221,79.10081
804,205,Thogamalai 16,Vellore,Vellore,Tamil Nadu,19.05,Forest,Red Soil,Non-Irrigated,50663833,67671320,12.94121,79.10232
805,205,Ayappan Pattinam 14,Vellore,Vellore,Tamil Nadu,18.47,Industrial,Black Cotton,Partly Irrigated,44476313,49111142,12.94922,79.10874
806,205,Siruseri 8,Vellore,Vellore,Tamil Nadu,11.8,Residential,Saline,Non-Irrigated,71154684,76461869,12.89078,79.16724
807,205,Sriperumbudur 4,Vellore,Vellore,Tamil Nadu,4.53,Industrial,Red Soil,Irrigated,48978253,58247639,12.89412,79.17995
808,205,Thogamalai 16,Vellore,Vellore,Tamil Nadu,9.5,Coastal,Saline,Irrigated,63644420,85884575,12.95013,79.11576
809,205,Madhavaram 8,Vellore,Vellore,Tamil Nadu,24.7,Industrial,Loamy,Partly Irrigated,57695363,64810530,12.88432,79.15512
810,206,Karanai 13,Vellore,Vellore,Tamil Nadu,20.18,Industrial,Black Cotton,Irrigated,43351388,53230948,12.87924,79.11409
811,206,Pammalur 8,Vellore,Vellore,Tamil Nadu,16.0,Industrial,Urban Fill,Non-Irrigated,45871818,53988344,12.89848,79.11356
812,206,Thogamalai 6,Vellore,Vellore,Tamil Nadu,6.26,Agricultural,Loamy,Irrigated,64875226,69191915,12.86764,79.16275
813,207,Pudur 20,Vellore,Vellore,Tamil Nadu,20.72,Industrial,Saline,Irrigated,5757696,7201664,12.93112,79.12722
814,207,Oragadam 6,Vellore,Vellore,Tamil Nadu,8.15,Barren,Red Soil,Partly Irrigated,8187663,9440310,12.92114,79.08055
815,207,Padur 12,Vellore,Vellore,Tamil Nadu,21.04,Coastal,Urban Fill,Partly Irrigated,14800797,18972517,12.90034,79.09567
816,207,Padur 5,Vellore,Vellore,Tamil Nadu,10.66,Industrial,Urban Fill,Non-Irrigated,9709399,10607657,12.93145,79.07453
817,207,Padur 1,Vellore,Vellore,Tamil Nadu,15.75,Barren,Loamy,Irrigated,10047436,11428760,12.91241,79.09752
818,208,Ayappan Pattinam 8,Vellore,Vellore,Tamil Nadu,7.87,Residential,Sandy,Irrigated,75103345,94454199,12.93391,79.11362
819,208,Kallikudi 20,Vellore,Vellore,Tamil Nadu,3.29,Barren,Sandy,Irrigated,53796637,65093004,12.95547,79.10428
820,209,Kallikudi 8,Tiruchirappalli,Tiruchirappalli,Tamil Nadu,22.22,Coastal,Loamy,Irrigated,56496526,75258355,10.79693,78.75416
821,209,Sriperumbudur 10,Tiruchirappalli,Tiruchirappalli,Tamil Nadu,11.98,Coastal,Loamy,Non-Irrigated,39876467,46018826,10.83049,78.69895
822,209,Siruseri 10,Tiruchirappalli,Tiruchirappalli,Tamil Nadu,13.38,Commercial,Black Cotton,Irrigated,47603347,64000519,10.73412,78.70969
823,209,Padur 16,Tiruchirappalli,Tiruchirappalli,Tamil Nadu,6.28,Industrial,Alluvial,Partly Irrigated,37773236,45887561,10.7617,78.65753
824,210,Sriperumbudur 10,Tiruchirappalli,Tiruchirappalli,Tamil Nadu,17.23,Barren,Loamy,Partly Irrigated,13626113,17402301,10.83121,78.70182
825,210,Oragadam 13,Tiruchirappalli,Tiruchirappalli,Tamil Nadu,23.27,Forest,Sandy,Irrigated,21803832,24198599,10.83579,78.68098
826,210,Perungalathur 8,Tiruchirappalli,Tiruchirappalli,Tamil Nadu,24.32,Residential,Red Soil,Partly Irrigated,11134461,13063314,10.78808,78.68411
827,210,Madhavaram 12,Tiruchirappalli,Tiruchirappalli,Tamil Nadu,20.86,Barren,Black Cotton,Non-Irrigated,10130740,13315395,10.77127,78.6978
828,210,Manapakkam 1,Tiruchirappalli,Tiruchirappalli,Tamil Nadu,11.23,Coastal,Loamy,Irrigated,8671809,9148367,10.75482,78.67264
829,211,Ayappan Pattinam 4,Tiruchirappalli,Tiruchirappalli,Tamil Nadu,3.05,Agricultural,Loamy,Partly Irrigated,14694474,15634092,10.76941,78.66316
830,211,Siruseri 6,Tiruchirappalli,Tiruchirappalli,Tamil Nadu,11.7,Industrial,Black Cotton,Irrigated,11972793,14207772,10.78376,78.76674
831,212,Madhavaram 11,Tiruchirappalli,Tiruchirappalli,Tamil Nadu,21.4,Agricultural,Alluvial,Non-Irrigated,13901937,16665232,10.80747,78.72165
832,212,Samayapuram 5,Tiruchirappalli,Tiruchirappalli,Tamil Nadu,17.3,Forest,Sandy,Irrigated,15497470,17741091,10.75256,78.67009
833,212,Samayapuram 14,Tiruchirappalli,Tiruchirappalli,Tamil Nadu,24.81,Agricultural,Sandy,Partly Irrigated,11552495,13427457,10.74626,78.69972
834,212,Pammalur 1,Tiruchirappalli,Tiruchirappalli,Tamil Nadu,20.45,Barren,Saline,Partly Irrigated,15429358,20371706,10.84197,78.76109
835,213,Manapakkam 20,Tiruchirappalli,Tiruchirappalli,Tamil Nadu,9.66,Coastal,Urban Fill,Non-Irrigated,9464096,11901345,10.7318,78.66068
836,213,Karanai 17,Tiruchirappalli,Tiruchirappalli,Tamil Nadu,3.23,Coastal,Sandy,Irrigated,14013919,15524266,10.80744,78.65457
837,213,Karanai 12,Tiruchirappalli,Tiruchirappalli,Tamil Nadu,6.28,Agricultural,Saline,Irrigated,17525185,22035899,10.84889,78.66512
838,213,Neelambur 14,Tiruchirappalli,Tiruchirappalli,Tamil Nadu,15.63,Forest,Loamy,Partly Irrigated,10612246,12148698,10.7836,78.64619
839,213,Pudur 19,Tiruchirappalli,Tiruchirappalli,Tamil Nadu,15.89,Commercial,Saline,Partly Irrigated,17831641,22758537,10.78957,78.68888
840,214,Karanai 4,Tiruchirappalli,Tiruchirappalli,Tamil Nadu,13.11,Forest,Sandy,Partly Irrigated,16442987,19831726,10.78638,78.70095
841,214,Neelambur 13,Tiruchirappalli,Tiruchirappalli,Tamil Nadu,12.29,Commercial,Sandy,Partly Irrigated,14689862,16041142,10.80917,78.74546
842,215,Nandambakkam 10,Tiruchirappalli,Tiruchirappalli,Tamil Nadu,9.7,Residential,Black Cotton,Irrigated,37342409,47703884,10.8258,78.70244
843,215,Perungalathur 15,Tiruchirappalli,Tiruchirappalli,Tamil Nadu,20.97,Coastal,Urban Fill,Irrigated,34857389,43043371,10.82256,78.73871
844,215,Thogamalai 12,Tiruchirappalli,Tiruchirappalli,Tamil Nadu,23.51,Commercial,Loamy,Non-Irrigated,33766707,42191093,10.74381,78.7246
845,216,Thogamalai 8,Coimbatore,Coimbatore,Tamil Nadu,6.32,Industrial,Saline,Partly Irrigated,7508865,8950353,10.98205,76.91138
846,216,Oragadam 12,Coimbatore,Coimbatore,Tamil Nadu,11.65,Agricultural,Loamy,Irrigated,14985457,16013027,10.98786,76.96062
847,216,Perungalathur 3,Coimbatore,Coimbatore,Tamil Nadu,12.26,Residential,Saline,Irrigated,14441141,15307563,11.06414,77.01279
848,217,Samayapuram 12,Coimbatore,Coimbatore,Tamil Nadu,5.27,Industrial,Red Soil,Partly Irrigated,23060663,29619811,11.03717,76.99034
849,217,Neelambur 18,Coimbatore,Coimbatore,Tamil Nadu,16.66,Agricultural,Loamy,Non-Irrigated,18314371,23420393,10.9985,76.92038
850,217,Neelambur 9,Coimbatore,Coimbatore,Tamil Nadu,14.55,Barren,Urban Fill,Irrigated,11359392,13615249,11.06461,76.91378
851,217,Oragadam 8,Coimbatore,Coimbatore,Tamil Nadu,7.53,Commercial,Alluvial,Partly Irrigated,11894362,13401291,11.02635,76.94106
852,218,Manapakkam 18,Coimbatore,Coimbatore,Tamil Nadu,4.94,Commercial,Loamy,Non-Irrigated,49160417,58094669,10.97787,76.92327
853,218,Karanai 20,Coimbatore,Coimbatore,Tamil Nadu,16.82,Barren,Alluvial,Partly Irrigated,56330967,59688837,11.06784,76.90444
854,218,Padur 12,Coimbatore,Coimbatore,Tamil Nadu,21.53,Agricultural,Red Soil,Irrigated,38407291,42489555,11.0161,76.94129
855,219,Oragadam 7,Coimbatore,Coimbatore,Tamil Nadu,18.09,Industrial,Loamy,Non-Irrigated,7545927,9524515,11.03699,76.93679
856,219,Neelambur 16,Coimbatore,Coimbatore,Tamil Nadu,5.97,Residential,Alluvial,Partly Irrigated,13727192,16819608,11.01829,76.93143
857,219,Thogamalai 4,Coimbatore,Coimbatore,Tamil Nadu,16.74,Forest,Sandy,Irrigated,17343042,20278257,10.97186,76.99486
858,220,Kelambakkam 1,Erode,Erode,Tamil Nadu,24.62,Residential,Alluvial,Non-Irrigated,45820849,58286023,11.31132,77.66942
859,220,Thogamalai 19,Erode,Erode,Tamil Nadu,8.69,Coastal,Alluvial,Non-Irrigated,68055936,84057810,11.28331,77.70465
860,220,Padur 15,Erode,Erode,Tamil Nadu,20.99,Agricultural,Sandy,Non-Irrigated,44273510,58691196,11.33436,77.73533
861,220,Madhavaram 12,Erode,Erode,Tamil Nadu,5.97,Forest,Red Soil,Irrigated,36686356,44981066,11.31874,77.75976
862,220,Kallikudi 11,Erode,Erode,Tamil Nadu,20.28,Barren,Loamy,Partly Irrigated,43025148,57475078,11.38679,77.68295
863,220,Kelambakkam 3,Erode,Erode,Tamil Nadu,21.19,Forest,Loamy,Non-Irrigated,56738667,69190973,11.35532,77.73897
864,221,Neelambur 6,Erode,Erode,Tamil Nadu,12.83,Forest,Urban Fill,Irrigated,36708696,42002866,11.28945,77.74394
865,221,Kallikudi 14,Erode,Erode,Tamil Nadu,23.38,Industrial,Urban Fill,Partly Irrigated,63185174,81558466,11.37682,77.71457
866,221,Kelambakkam 5,Erode,Erode,Tamil Nadu,3.55,Residential,Saline,Non-Irrigated,46436333,54205180,11.34777,77.69484
867,221,Padur 14,Erode,Erode,Tamil Nadu,6.23,Forest,Urban Fill,Irrigated,58700653,64440112,11.37271,77.74947
868,222,Madhavaram 4,Erode,Erode,Tamil Nadu,3.43,Forest,Black Cotton,Partly Irrigated,10361463,13848961,11.38055,77.70804
869,222,Sholinganallur 18,Erode,Erode,Tamil Nadu,23.51,Forest,Saline,Irrigated,23403289,27490431,11.3038,77.73433
870,222,Sholinganallur 7,Erode,Erode,Tamil Nadu,6.59,Forest,Loamy,Irrigated,19631390,21279132,11.38835,77.70664
871,222,Neelambur 16,Erode,Erode,Tamil Nadu,14.79,Coastal,Urban Fill,Non-Irrigated,9320607,11348184,11.36594,77.7429
872,222,Perungalathur 17,Erode,Erode,Tamil Nadu,20.19,Residential,Loamy,Partly Irrigated,13759712,17436688,11.29548,77.74318
873,223,Perungalathur 7,Erode,Erode,Tamil Nadu,5.36,Residential,Black Cotton,Irrigated,14034062,15845279,11.36634,77.72999
874,223,Padur 11,Erode,Erode,Tamil Nadu,7.2,Residential,Loamy,Non-Irrigated,16146526,18001552,11.40237,77.69002
875,223,Pammalur 18,Erode,Erode,Tamil Nadu,14.25,Forest,Red Soil,Irrigated,10697166,11441362,11.30606,77.72202
876,223,Kallikudi 18,Erode,Erode,Tamil Nadu,7.11,Industrial,Urban Fill,Partly Irrigated,7144866,7962026,11.38131,77.72522
877,223,Padur 12,Erode,Erode,Tamil Nadu,24.7,Coastal,Sandy,Irrigated,9092502,11027256,11.336,77.69661
878,223,Samayapuram 11,Erode,Erode,Tamil Nadu,9.03,Agricultural,Saline,Partly Irrigated,12889194,15563491,11.34914,77.77912
879,224,Madhavaram 4,Ranipet,Ranipet,Tamil Nadu,22.08,Coastal,Loamy,Partly Irrigated,51864185,66544754,12.95365,79.32818
880,224,Ayappan Pattinam 17,Ranipet,Ranipet,Tamil Nadu,19.3,Barren,Red Soil,Non-Irrigated,39174366,47193326,12.95966,79.33732
881,224,Nandambakkam 6,Ranipet,Ranipet,Tamil Nadu,6.98,Agricultural,Black Cotton,Partly Irrigated,64918718,77359911,12.91056,79.33241
882,225,Samayapuram 6,Ranipet,Ranipet,Tamil Nadu,15.74,Forest,Alluvial,Irrigated,46240828,57380472,12.92494,79.3573
883,225,Kallikudi 9,Ranipet,Ranipet,Tamil Nadu,22.13,Industrial,Red Soil,Non-Irrigated,44266808,46733471,12.91868,79.29205
884,225,Samayapuram 13,Ranipet,Ranipet,Tamil Nadu,4.57,Agricultural,Alluvial,Partly Irrigated,62589208,67426559,12.89241,79.36225
885,225,Kelambakkam 15,Ranipet,Ranipet,Tamil Nadu,7.16,Coastal,Sandy,Non-Irrigated,67544534,84190426,12.8878,79.29727
886,225,Karanai 14,Ranipet,Ranipet,Tamil Nadu,23.26,Coastal,Alluvial,Partly Irrigated,37046513,46673217,12.95645,79.33503
887,225,Neelambur 1,Ranipet,Ranipet,Tamil Nadu,6.99,Barren,Loamy,Non-Irrigated,58108121,62783068,12.91025,79.308
888,226,Kelambakkam 3,Ranipet,Ranipet,Tamil Nadu,6.44,Forest,Red Soil,Irrigated,19693134,25479350,12.96564,79.33079
889,226,Siruseri 8,Ranipet,Ranipet,Tamil Nadu,3.26,Forest,Sandy,Irrigated,11818830,14121260,12.95811,79.35669
890,227,Ayappan Pattinam 18,Ranipet,Ranipet,Tamil Nadu,9.75,Residential,Black Cotton,Irrigated,33709481,38894588,12.91028,79.30905
891,227,Madhavaram 14,Ranipet,Ranipet,Tamil Nadu,3.02,Residential,Black Cotton,Partly Irrigated,32760947,40549318,12.88637,79.33757
892,227,Perungalathur 6,Ranipet,Ranipet,Tamil Nadu,5.12,Coastal,Black Cotton,Irrigated,55825279,60795732,12.95961,79.31339
893,227,Samayapuram 14,Ranipet,Ranipet,Tamil Nadu,13.57,Forest,Alluvial,Non-Irrigated,50779755,56207450,12.92506,79.35504
894,227,Padur 13,Ranipet,Ranipet,Tamil Nadu,18.97,Coastal,Saline,Partly Irrigated,54347005,61174685,12.96518,79.36109
895,228,Samayapuram 15,Ranipet,Ranipet,Tamil Nadu,20.58,Industrial,Saline,Non-Irrigated,19492889,25277017,12.96117,79.34983
896,228,Pammalur 1,Ranipet,Ranipet,Tamil Nadu,12.76,Agricultural,Red Soil,Non-Irrigated,22669838,24166835,12.94761,79.33794
897,228,Pammalur 12,Ranipet,Ranipet,Tamil Nadu,18.41,Agricultural,Urban Fill,Partly Irrigated,9194208,11546798,12.96037,79.33928
898,228,Kallikudi 7,Ranipet,Ranipet,Tamil Nadu,24.37,Industrial,Sandy,Partly Irrigated,20398638,26560583,12.91995,79.34751
899,228,Oragadam 2,Ranipet,Ranipet,Tamil Nadu,22.85,Coastal,Alluvial,Partly Irrigated,12619305,15490595,12.87796,79.28721
900,228,Pudur 15,Ranipet,Ranipet,Tamil Nadu,9.94,Commercial,Saline,Partly Irrigated,14498915,19358012,12.89226,79.3773
901,229,Pudur 14,Kancheepuram,Kancheepuram,Tamil Nadu,12.01,Commercial,Urban Fill,Non-Irrigated,13652028,16702584,12.88212,79.67262
902,229,Thogamalai 13,Kancheepuram,Kancheepuram,Tamil Nadu,7.46,Coastal,Urban Fill,Non-Irrigated,16496330,17941756,12.80383,79.76093
903,229,Madhavaram 7,Kancheepuram,Kancheepuram,Tamil Nadu,12.62,Forest,Urban Fill,Partly Irrigated,6728005,7752045,12.84062,79.70264
904,229,Kelambakkam 12,Kancheepuram,Kancheepuram,Tamil Nadu,13.06,Commercial,Red Soil,Partly Irrigated,13472990,16802978,12.80087,79.74176
905,229,Oragadam 10,Kancheepuram,Kancheepuram,Tamil Nadu,21.82,Commercial,Red Soil,Partly Irrigated,7272657,8493796,12.8577,79.69179
906,229,Samayapuram 14,Kancheepuram,Kancheepuram,Tamil Nadu,4.53,Commercial,Black Cotton,Partly Irrigated,15669803,18366959,12.86132,79.68037
907,230,Sholinganallur 14,Kancheepuram,Kancheepuram,Tamil Nadu,4.14,Coastal,Saline,Partly Irrigated,42187956,52662035,12.85553,79.67019
908,230,Karanai 5,Kancheepuram,Kancheepuram,Tamil Nadu,14.41,Coastal,Saline,Irrigated,55941962,67308722,12.79762,79.74806
909,231,Samayapuram 16,Kancheepuram,Kancheepuram,Tamil Nadu,6.32,Industrial,Loamy,Partly Irrigated,57859839,70095274,12.84679,79.65402
910,231,Perungalathur 3,Kancheepuram,Kancheepuram,Tamil Nadu,16.72,Residential,Red Soil,Non-Irrigated,75996352,102428767,12.78591,79.7563
911,231,Neelambur 16,Kancheepuram,Kancheepuram,Tamil Nadu,9.64,Forest,Loamy,Non-Irrigated,41633690,51421408,12.8049,79.73787
912,232,Ayappan Pattinam 8,Thoothukudi,Thoothukudi,Tamil Nadu,3.31,Coastal,Red Soil,Irrigated,20000295,26244448,8.76932,78.02714
913,232,Kelambakkam 16,Thoothukudi,Thoothukudi,Tamil Nadu,23.2,Residential,Loamy,Irrigated,19655820,23946451,8.78367,78.04718
914,233,Kallikudi 8,Thoothukudi,Thoothukudi,Tamil Nadu,6.5,Industrial,Red Soil,Non-Irrigated,17117032,19188191,8.74372,78.04034
915,233,Padur 9,Thoothukudi,Thoothukudi,Tamil Nadu,10.58,Commercial,Saline,Non-Irrigated,15719497,19925848,8.72489,78.03091
916,233,Manapakkam 3,Thoothukudi,Thoothukudi,Tamil Nadu,15.56,Barren,Black Cotton,Non-Irrigated,22700637,25702154,8.79894,78.08899
917,233,Padur 12,Thoothukudi,Thoothukudi,Tamil Nadu,16.04,Industrial,Black Cotton,Partly Irrigated,7429325,9294619,8.72874,78.04934
918,233,Karanai 9,Thoothukudi,Thoothukudi,Tamil Nadu,17.37,Commercial,Alluvial,Partly Irrigated,12718060,15760623,8.80322,78.05316
919,234,Sriperumbudur 11,Thoothukudi,Thoothukudi,Tamil Nadu,5.6,Commercial,Loamy,Partly Irrigated,9938107,11369123,8.73724,78.03415
920,234,Padur 2,Thoothukudi,Thoothukudi,Tamil Nadu,7.48,Coastal,Black Cotton,Non-Irrigated,6794141,7720573,8.80538,78.07404
921,235,Sholinganallur 11,Thoothukudi,Thoothukudi,Tamil Nadu,8.29,Coastal,Saline,Partly Irrigated,37992223,41741012,8.74239,78.00615
922,235,Karanai 9,Thoothukudi,Thoothukudi,Tamil Nadu,8.99,Industrial,Black Cotton,Non-Irrigated,67315907,87570327,8.80516,78.0529
923,235,Karanai 2,Thoothukudi,Thoothukudi,Tamil Nadu,4.98,Forest,Red Soil,Partly Irrigated,48317043,59580169,8.77655,78.04071
924,235,Pammalur 18,Thoothukudi,Thoothukudi,Tamil Nadu,12.03,Coastal,Alluvial,Irrigated,33742785,44088429,8.72036,78.04018
925,235,Nandambakkam 13,Thoothukudi,Thoothukudi,Tamil Nadu,10.78,Agricultural,Alluvial,Irrigated,37823118,45983412,8.77902,78.07955
926,235,Kallikudi 2,Thoothukudi,Thoothukudi,Tamil Nadu,12.15,Coastal,Loamy,Non-Irrigated,51684910,66079646,8.77434,78.03
927,236,Sriperumbudur 14,Thoothukudi,Thoothukudi,Tamil Nadu,3.39,Forest,Urban Fill,Non-Irrigated,68330697,82815580,8.77985,78.02039
928,236,Kelambakkam 8,Thoothukudi,Thoothukudi,Tamil Nadu,18.86,Forest,Red Soil,Non-Irrigated,58146237,75952939,8.77238,78.02551
929,237,Pudur 20,Thoothukudi,Thoothukudi,Tamil Nadu,17.94,Coastal,Black Cotton,Partly Irrigated,11111445,14586129,8.77953,78.0921
930,237,Sriperumbudur 1,Thoothukudi,Thoothukudi,Tamil Nadu,18.14,Industrial,Sandy,Irrigated,9560527,11597594,8.73678,78.05812
931,238,Oragadam 11,Thanjavur,Thanjavur,Tamil Nadu,7.38,Commercial,Saline,Irrigated,5774131,6943850,10.82572,79.17039
932,238,Kallikudi 6,Thanjavur,Thanjavur,Tamil Nadu,3.22,Coastal,Saline,Non-Irrigated,23557387,27313487,10.78045,79.11001
933,238,Manapakkam 15,Thanjavur,Thanjavur,Tamil Nadu,23.74,Forest,Loamy,Irrigated,18783933,23044526,10.80796,79.16015
934,239,Perungalathur 12,Thanjavur,Thanjavur,Tamil Nadu,17.6,Industrial,Red Soil,Partly Irrigated,9745862,12239705,10.83464,79.14102
935,239,Thogamalai 6,Thanjavur,Thanjavur,Tamil Nadu,17.9,Barren,Urban Fill,Irrigated,8532764,10588022,10.77962,79.0863
936,239,Sriperumbudur 13,Thanjavur,Thanjavur,Tamil Nadu,16.84,Barren,Red Soil,Irrigated,23762586,30183279,10.78134,79.13069
937,240,Sholinganallur 10,Thanjavur,Thanjavur,Tamil Nadu,13.92,Coastal,Urban Fill,Irrigated,7247655,8726556,10.79772,79.17478
938,240,Padur 18,Thanjavur,Thanjavur,Tamil Nadu,3.29,Coastal,Urban Fill,Partly Irrigated,15353239,18334021,10.7573,79.16146
939,240,Sriperumbudur 10,Thanjavur,Thanjavur,Tamil Nadu,17.03,Barren,Saline,Irrigated,12920471,15552396,10.77462,79.13427
940,240,Thogamalai 3,Thanjavur,Thanjavur,Tamil Nadu,14.16,Coastal,Loamy,Irrigated,11639183,15250427,10.81456,79.10089
941,240,Ayappan Pattinam 1,Thanjavur,Thanjavur,Tamil Nadu,12.27,Residential,Loamy,Irrigated,10997708,12781650,10.8313,79.19406
942,241,Pammalur 8,Thanjavur,Thanjavur,Tamil Nadu,20.59,Coastal,Saline,Non-Irrigated,16974222,19287689,10.77004,79.18759
943,241,Padur 8,Thanjavur,Thanjavur,Tamil Nadu,12.08,Industrial,Red Soil,Non-Irrigated,15731565,17674475,10.77433,79.14902
944,242,Pudur 6,Thanjavur,Thanjavur,Tamil Nadu,12.69,Barren,Red Soil,Irrigated,49198591,53586115,10.80837,79.17775
945,242,Nandambakkam 15,Thanjavur,Thanjavur,Tamil Nadu,3.57,Barren,Sandy,Non-Irrigated,42391174,53614713,10.74408,79.18142
946,242,Thogamalai 1,Thanjavur,Thanjavur,Tamil Nadu,20.14,Forest,Red Soil,Partly Irrigated,59755313,80379740,10.77795,79.13874
947,242,Kelambakkam 12,Thanjavur,Thanjavur,Tamil Nadu,12.2,Industrial,Urban Fill,Partly Irrigated,47752155,55581095,10.76338,79.18068
948,242,Nandambakkam 3,Thanjavur,Thanjavur,Tamil Nadu,19.69,Commercial,Loamy,Irrigated,46304510,50855394,10.78719,79.09661
949,243,Samayapuram 6,Thanjavur,Thanjavur,Tamil Nadu,18.84,Agricultural,Red Soil,Partly Irrigated,35760663,38919702,10.74178,79.15149
950,243,Madhavaram 2,Thanjavur,Thanjavur,Tamil Nadu,22.45,Coastal,Loamy,Non-Irrigated,46731185,53706029,10.82536,79.15462
951,243,Karanai 20,Thanjavur,Thanjavur,Tamil Nadu,7.37,Agricultural,Sandy,Non-Irrigated,61412754,67847908,10.73468,79.15282
952,243,Perungalathur 5,Thanjavur,Thanjavur,Tamil Nadu,4.1,Industrial,Saline,Irrigated,41187386,45865025,10.77803,79.14319
953,244,Neelambur 8,Thanjavur,Thanjavur,Tamil Nadu,20.95,Industrial,Loamy,Non-Irrigated,40528866,46223235,10.7886,79.17404
954,244,Perungalathur 8,Thanjavur,Thanjavur,Tamil Nadu,24.45,Forest,Black Cotton,Irrigated,61124041,64442842,10.83873,79.08663
955,244,Siruseri 13,Thanjavur,Thanjavur,Tamil Nadu,19.82,Industrial,Saline,Irrigated,42730806,47997568,10.80031,79.1724
956,244,Sholinganallur 18,Thanjavur,Thanjavur,Tamil Nadu,15.06,Barren,Sandy,Irrigated,50606376,56643678,10.79931,79.11953
957,244,Samayapuram 3,Thanjavur,Thanjavur,Tamil Nadu,20.49,Barren,Loamy,Non-Irrigated,29041716,35094807,10.84056,79.10443
958,245,Perungalathur 8,Karur,Karur,Tamil Nadu,18.63,Barren,Saline,Non-Irrigated,44896491,50583865,11.00097,78.07131
959,245,Samayapuram 1,Karur,Karur,Tamil Nadu,20.43,Coastal,Saline,Partly Irrigated,69539486,83582016,11.00535,78.06311
960,245,Pudur 6,Karur,Karur,Tamil Nadu,17.49,Industrial,Alluvial,Irrigated,40268280,42871835,10.94955,78.08381
961,246,Manapakkam 12,Karur,Karur,Tamil Nadu,18.6,Industrial,Alluvial,Non-Irrigated,49053214,59458142,10.97994,78.06278
962,246,Karanai 4,Karur,Karur,Tamil Nadu,14.39,Agricultural,Red Soil,Partly Irrigated,33816470,42271898,11.01333,78.03309
963,246,Nandambakkam 9,Karur,Karur,Tamil Nadu,6.62,Barren,Saline,Non-Irrigated,39080119,49636438,11.01087,78.0347
964,246,Kallikudi 14,Karur,Karur,Tamil Nadu,15.14,Barren,Alluvial,Partly Irrigated,50476170,67706028,10.91873,78.12859
965,247,Kelambakkam 6,Karur,Karur,Tamil Nadu,24.04,Residential,Alluvial,Non-Irrigated,40356029,50325615,10.99472,78.03113
966,247,Madhavaram 11,Karur,Karur,Tamil Nadu,17.5,Industrial,Loamy,Non-Irrigated,32887334,41326107,10.9437,78.04681
967,247,Neelambur 15,Karur,Karur,Tamil Nadu,3.94,Residential,Sandy,Partly Irrigated,50332469,57050090,10.94341,78.02766
968,247,Madhavaram 13,Karur,Karur,Tamil Nadu,4.23,Coastal,Sandy,Non-Irrigated,64105641,80406128,10.98772,78.06361
969,248,Pudur 20,Karur,Karur,Tamil Nadu,19.29,Coastal,Red Soil,Non-Irrigated,7512671,8914256,10.98674,78.0205
970,248,Padur 3,Karur,Karur,Tamil Nadu,5.37,Commercial,Alluvial,Partly Irrigated,8350434,10713205,10.99935,78.03749
971,248,Nandambakkam 13,Karur,Karur,Tamil Nadu,15.39,Industrial,Saline,Partly Irrigated,14436316,17507106,11.0047,78.09336
972,248,Samayapuram 17,Karur,Karur,Tamil Nadu,9.62,Coastal,Sandy,Non-Irrigated,14516989,16675525,11.00084,78.11988
973,249,Neelambur 5,Karur,Karur,Tamil Nadu,16.17,Agricultural,Black Cotton,Partly Irrigated,8888450,9816043,11.01611,78.07043
974,249,Neelambur 20,Karur,Karur,Tamil Nadu,9.88,Barren,Saline,Irrigated,13441834,16199300,10.99429,78.0765
975,249,Kelambakkam 16,Karur,Karur,Tamil Nadu,10.11,Coastal,Black Cotton,Non-Irrigated,16685021,20947345,10.95726,78.07613
976,249,Manapakkam 16,Karur,Karur,Tamil Nadu,21.12,Coastal,Sandy,Non-Irrigated,12354008,16402736,10.91332,78.04775
977,250,Siruseri 5,Madurai,Madurai,Tamil Nadu,9.21,Forest,Loamy,Partly Irrigated,11985901,14143843,9.90827,78.08981
978,250,Padur 9,Madurai,Madurai,Tamil Nadu,23.92,Barren,Saline,Non-Irrigated,16209996,18049988,9.87887,78.1041
979,250,Oragadam 8,Madurai,Madurai,Tamil Nadu,12.17,Residential,Saline,Partly Irrigated,13912731,14806157,9.94352,78.12697
980,250,Neelambur 18,Madurai,Madurai,Tamil Nadu,6.4,Industrial,Saline,Irrigated,13870092,17007134,9.91917,78.16499
981,250,Kelambakkam 6,Madurai,Madurai,Tamil Nadu,19.3,Residential,Loamy,Partly Irrigated,11354243,12874688,9.9447,78.16098
982,250,Karanai 8,Madurai,Madurai,Tamil Nadu,17.9,Agricultural,Alluvial,Partly Irrigated,13654458,14672322,9.94234,78.13622
983,251,Ayappan Pattinam 4,Madurai,Madurai,Tamil Nadu,8.52,Residential,Red Soil,Partly Irrigated,17326232,18486756,9.915,78.16297
984,251,Karanai 2,Madurai,Madurai,Tamil Nadu,10.67,Agricultural,Red Soil,Non-Irrigated,12098049,14852287,9.94612,78.08155
985,251,Karanai 18,Madurai,Madurai,Tamil Nadu,7.13,Forest,Alluvial,Irrigated,12346709,16155885,9.9548,78.09101
986,251,Kallikudi 14,Madurai,Madurai,Tamil Nadu,3.24,Commercial,Saline,Partly Irrigated,13305748,17293290,9.94238,78.11657
987,252,Oragadam 16,Madurai,Madurai,Tamil Nadu,22.45,Coastal,Loamy,Irrigated,46960661,51749013,9.94007,78.15655
988,252,Padur 15,Madurai,Madurai,Tamil Nadu,15.92,Coastal,Urban Fill,Irrigated,66030172,88317924,9.94532,78.08924
989,252,Perungalathur 6,Madurai,Madurai,Tamil Nadu,9.33,Industrial,Sandy,Non-Irrigated,24758444,27179430,9.89781,78.13689
990,252,Neelambur 2,Madurai,Madurai,Tamil Nadu,15.39,Forest,Alluvial,Irrigated,43889901,54550758,9.88011,78.1282
991,252,Thogamalai 12,Madurai,Madurai,Tamil Nadu,6.74,Agricultural,Urban Fill,Partly Irrigated,63770481,76329876,9.87583,78.1407
992,253,Neelambur 12,Madurai,Madurai,Tamil Nadu,22.66,Commercial,Saline,Irrigated,9838925,11970160,9.94161,78.1649
993,253,Pammalur 11,Madurai,Madurai,Tamil Nadu,17.24,Residential,Urban Fill,Non-Irrigated,10847265,13881290,9.95872,78.0803
994,253,Nandambakkam 12,Madurai,Madurai,Tamil Nadu,8.01,Industrial,Urban Fill,Partly Irrigated,15206620,17378534,9.96888,78.14189
995,253,Thogamalai 17,Madurai,Madurai,Tamil Nadu,24.96,Commercial,Loamy,Irrigated,14537124,18350207,9.93517,78.09693
996,253,Sriperumbudur 4,Madurai,Madurai,Tamil Nadu,8.11,Agricultural,Loamy,Partly Irrigated,10458010,13319802,9.91229,78.13946
997,254,Samayapuram 16,Madurai,Madurai,Tamil Nadu,22.44,Forest,Urban Fill,Irrigated,19156500,23882358,9.88071,78.16131
998,254,Siruseri 20,Madurai,Madurai,Tamil Nadu,18.7,Agricultural,Red Soil,Irrigated,13822478,16481971,9.92904,78.10686
999,254,Nandambakkam 11,Madurai,Madurai,Tamil Nadu,18.75,Barren,Sandy,Non-Irrigated,8966801,10568378,9.97063,78.07887
1000,254,Sriperumbudur 1,Madurai,Madurai,Tamil Nadu,18.44,Residential,Black Cotton,Non-Irrigated,13655286,14693607,9.93094,78.11773
1001,255,Pammalur 1,Madurai,Madurai,Tamil Nadu,3.96,Residential,Red Soil,Partly Irrigated,11064512,13239240,9.92484,78.10029
1002,255,Ayappan Pattinam 4,Madurai,Madurai,Tamil Nadu,12.75,Residential,Alluvial,Non-Irrigated,16590400,21212438,9.91294,78.16479
1003,255,Ayappan Pattinam 18,Madurai,Madurai,Tamil Nadu,17.27,Coastal,Red Soil,Partly Irrigated,9060108,10133009,9.97179,78.14424
1004,256,Pammalur 4,Chennai,Chennai,Tamil Nadu,13.9,Forest,Sandy,Partly Irrigated,45483738,58134139,13.0569,80.25235
1005,256,Kallikudi 1,Chennai,Chennai,Tamil Nadu,11.73,Agricultural,Loamy,Non-Irrigated,68752902,88996755,13.10627,80.25604
1006,257,Oragadam 9,Chennai,Chennai,Tamil Nadu,3.1,Residential,Sandy,Non-Irrigated,39203127,48926116,13.05935,80.24353
1007,257,Madhavaram 8,Chennai,Chennai,Tamil Nadu,15.24,Industrial,Loamy,Irrigated,39940941,49381167,13.10647,80.26881
1008,257,Nandambakkam 20,Chennai,Chennai,Tamil Nadu,6.03,Coastal,Black Cotton,Partly Irrigated,32927921,44141364,13.06066,80.23005
1009,257,Sholinganallur 15,Chennai,Chennai,Tamil Nadu,16.69,Forest,Sandy,Partly Irrigated,37726395,50611464,13.09073,80.2251
1010,257,Kelambakkam 4,Chennai,Chennai,Tamil Nadu,3.31,Commercial,Loamy,Irrigated,63245825,69353507,13.11571,80.24655
1011,258,Manapakkam 6,Chennai,Chennai,Tamil Nadu,7.02,Residential,Red Soil,Non-Irrigated,47700796,64133870,13.06499,80.2226
1012,258,Karanai 11,Chennai,Chennai,Tamil Nadu,3.62,Agricultural,Sandy,Partly Irrigated,58820254,62578326,13.07075,80.26174
1013,258,Padur 16,Chennai,Chennai,Tamil Nadu,11.94,Coastal,Urban Fill,Non-Irrigated,58881867,70155747,13.09099,80.26393
1014,259,Nandambakkam 7,Erode,Erode,Tamil Nadu,16.27,Barren,Loamy,Irrigated,11291401,12296541,11.37795,77.71081
1015,259,Manapakkam 13,Erode,Erode,Tamil Nadu,10.78,Residential,Sandy,Partly Irrigated,20958857,24526306,11.37504,77.77696
1016,259,Kelambakkam 3,Erode,Erode,Tamil Nadu,15.48,Industrial,Saline,Non-Irrigated,13696353,15275596,11.3622,77.74196
1017,259,Samayapuram 2,Erode,Erode,Tamil Nadu,8.66,Forest,Sandy,Irrigated,9250267,9907362,11.31975,77.69264
1018,260,Manapakkam 7,Erode,Erode,Tamil Nadu,11.16,Barren,Alluvial,Partly Irrigated,14897213,18121306,11.29654,77.67202
1019,260,Pammalur 3,Erode,Erode,Tamil Nadu,9.06,Agricultural,Saline,Non-Irrigated,17027520,22390699,11.35813,77.72162
1020,260,Pudur 4,Erode,Erode,Tamil Nadu,20.03,Coastal,Red Soil,Irrigated,16678665,20368244,11.29937,77.69805
1021,260,Pammalur 20,Erode,Erode,Tamil Nadu,10.81,Coastal,Urban Fill,Irrigated,14006546,15803739,11.39975,77.70713
1022,261,Sriperumbudur 14,Erode,Erode,Tamil Nadu,4.14,Industrial,Saline,Irrigated,13511614,14273638,11.3969,77.75102
1023,261,Pudur 3,Erode,Erode,Tamil Nadu,16.52,Barren,Sandy,Non-Irrigated,16724503,20117783,11.295,77.66878
1024,261,Samayapuram 8,Erode,Erode,Tamil Nadu,18.73,Residential,Urban Fill,Non-Irrigated,16964482,21435038,11.30804,77.75083
1025,261,Neelambur 11,Erode,Erode,Tamil Nadu,16.0,Coastal,Loamy,Irrigated,19608714,25052118,11.30052,77.70365
1026,261,Madhavaram 17,Erode,Erode,Tamil Nadu,6.53,Agricultural,Black Cotton,Irrigated,14102358,16272483,11.31116,77.77144
1027,261,Padur 8,Erode,Erode,Tamil Nadu,10.4,Agricultural,Loamy,Irrigated,10584115,12231573,11.38128,77.77316
1028,262,Samayapuram 3,Erode,Erode,Tamil Nadu,20.49,Forest,Red Soil,Irrigated,8655592,11637954,11.39311,77.73832
1029,262,Ayappan Pattinam 17,Erode,Erode,Tamil Nadu,14.49,Residential,Urban Fill,Non-Irrigated,15557277,20285167,11.37353,77.68369
1030,262,Pammalur 1,Erode,Erode,Tamil Nadu,14.96,Residential,Loamy,Irrigated,18437672,23568362,11.37018,77.68659
1031,262,Oragadam 9,Erode,Erode,Tamil Nadu,19.7,Industrial,Urban Fill,Irrigated,15951817,20528029,11.2841,77.76252
1032,263,Kelambakkam 20,Erode,Erode,Tamil Nadu,21.49,Commercial,Red Soil,Irrigated,11053171,13934529,11.38283,77.72649
1033,263,Nandambakkam 20,Erode,Erode,Tamil Nadu,20.2,Commercial,Red Soil,Non-Irrigated,11151824,12031245,11.38447,77.65411
1034,263,Siruseri 7,Erode,Erode,Tamil Nadu,13.3,Coastal,Sandy,Irrigated,7329284,8896866,11.38974,77.75538
1035,263,Perungalathur 5,Erode,Erode,Tamil Nadu,15.64,Forest,Urban Fill,Non-Irrigated,10813823,11552529,11.37652,77.66602
1036,264,Nandambakkam 15,Erode,Erode,Tamil Nadu,14.23,Residential,Urban Fill,Non-Irrigated,31138326,34673695,11.3451,77.73967
1037,264,Pudur 8,Erode,Erode,Tamil Nadu,12.96,Industrial,Red Soil,Partly Irrigated,33329681,42812314,11.38716,77.75506
1038,264,Sholinganallur 1,Erode,Erode,Tamil Nadu,20.65,Agricultural,Black Cotton,Non-Irrigated,77058212,96745443,11.32614,77.74831
1039,264,Kallikudi 14,Erode,Erode,Tamil Nadu,23.57,Forest,Saline,Irrigated,30240994,36617224,11.36964,77.71406
1040,265,Pudur 5,Erode,Erode,Tamil Nadu,18.62,Coastal,Saline,Irrigated,52949766,60721631,11.36621,77.70549
1041,265,Sriperumbudur 6,Erode,Erode,Tamil Nadu,24.27,Barren,Urban Fill,Irrigated,55586752,74281529,11.33097,77.72893
1042,266,Thogamalai 20,Erode,Erode,Tamil Nadu,20.83,Commercial,Black Cotton,Partly Irrigated,20981523,25581276,11.36278,77.68969
1043,266,Padur 2,Erode,Erode,Tamil Nadu,3.25,Commercial,Red Soil,Irrigated,12862778,13676422,11.34382,77.70464
1044,267,Thogamalai 15,Erode,Erode,Tamil Nadu,18.08,Industrial,Sandy,Partly Irrigated,18195953,24174865,11.32829,77.72198
1045,267,Madhavaram 14,Erode,Erode,Tamil Nadu,22.38,Coastal,Alluvial,Partly Irrigated,7593786,10189144,11.31427,77.7421
1046,267,Kelambakkam 2,Erode,Erode,Tamil Nadu,19.0,Commercial,Sandy,Non-Irrigated,14686732,16327343,11.39218,77.7255
1047,267,Manapakkam 8,Erode,Erode,Tamil Nadu,24.3,Coastal,Loamy,Irrigated,14707344,17664385,11.3891,77.67109
1048,268,Nandambakkam 20,Erode,Erode,Tamil Nadu,14.79,Industrial,Loamy,Irrigated,9991798,11364083,11.38732,77.65835
1049,268,Pammalur 20,Erode,Erode,Tamil Nadu,23.73,Agricultural,Red Soil,Non-Irrigated,5908566,7667078,11.40045,77.70399
1050,269,Ayappan Pattinam 8,Dharmapuri,Dharmapuri,Tamil Nadu,5.68,Coastal,Loamy,Irrigated,20799711,25809021,12.09953,78.12681
1051,269,Oragadam 19,Dharmapuri,Dharmapuri,Tamil Nadu,5.23,Coastal,Black Cotton,Non-Irrigated,10774866,14280720,12.16942,78.10599
1052,269,Ayappan Pattinam 5,Dharmapuri,Dharmapuri,Tamil Nadu,19.22,Commercial,Sandy,Non-Irrigated,14170455,16557949,12.13734,78.12308
1053,269,Sriperumbudur 7,Dharmapuri,Dharmapuri,Tamil Nadu,17.0,Coastal,Saline,Irrigated,12567364,13385007,12.0802,78.12617
1054,269,Karanai 1,Dharmapuri,Dharmapuri,Tamil Nadu,10.07,Industrial,Urban Fill,Partly Irrigated,11961217,14553294,12.08088,78.20639
1055,269,Nandambakkam 11,Dharmapuri,Dharmapuri,Tamil Nadu,21.11,Commercial,Alluvial,Irrigated,21617839,23637884,12.12638,78.10929
1056,270,Manapakkam 5,Dharmapuri,Dharmapuri,Tamil Nadu,5.49,Forest,Black Cotton,Irrigated,6039053,7711830,12.08467,78.1429
1057,270,Ayappan Pattinam 3,Dharmapuri,Dharmapuri,Tamil Nadu,8.33,Forest,Urban Fill,Partly Irrigated,13501403,14875160,12.15723,78.1261
1058,270,Kelambakkam 10,Dharmapuri,Dharmapuri,Tamil Nadu,17.14,Commercial,Urban Fill,Non-Irrigated,5034753,5726947,12.1392,78.13457
1059,271,Ayappan Pattinam 5,Dharmapuri,Dharmapuri,Tamil Nadu,13.67,Residential,Red Soil,Irrigated,56851466,69657318,12.13648,78.1335
1060,271,Samayapuram 4,Dharmapuri,Dharmapuri,Tamil Nadu,17.58,Coastal,Loamy,Non-Irrigated,51853708,55210079,12.14446,78.1999
1061,271,Siruseri 17,Dharmapuri,Dharmapuri,Tamil Nadu,19.34,Barren,Sandy,Irrigated,46561766,55899115,12.09233,78.19321
1062,271,Thogamalai 4,Dharmapuri,Dharmapuri,Tamil Nadu,22.06,Industrial,Urban Fill,Non-Irrigated,73422945,86748742,12.15204,78.17444
1063,272,Pudur 1,Dharmapuri,Dharmapuri,Tamil Nadu,12.14,Forest,Loamy,Irrigated,22215164,24091474,12.12014,78.19514
1064,272,Padur 11,Dharmapuri,Dharmapuri,Tamil Nadu,7.08,Commercial,Red Soil,Non-Irrigated,18195343,22521289,12.17307,78.18913
1065,272,Perungalathur 1,Dharmapuri,Dharmapuri,Tamil Nadu,12.91,Residential,Alluvial,Non-Irrigated,16495505,20177704,12.13243,78.1817
1066,272,Madhavaram 20,Dharmapuri,Dharmapuri,Tamil Nadu,14.78,Commercial,Black Cotton,Non-Irrigated,20918114,26148886,12.16936,78.18561
1067,272,Nandambakkam 1,Dharmapuri,Dharmapuri,Tamil Nadu,13.94,Residential,Red Soil,Irrigated,5901595,6536579,12.09856,78.14711
1068,272,Sriperumbudur 14,Dharmapuri,Dharmapuri,Tamil Nadu,3.27,Agricultural,Alluvial,Non-Irrigated,7787840,8747892,12.10947,78.15052
1069,273,Karanai 2,Dharmapuri,Dharmapuri,Tamil Nadu,8.81,Agricultural,Black Cotton,Partly Irrigated,9773481,10906068,12.10441,78.11705
1070,273,Siruseri 3,Dharmapuri,Dharmapuri,Tamil Nadu,18.17,Residential,Black Cotton,Non-Irrigated,5005422,6330384,12.08627,78.1843
1071,273,Kallikudi 7,Dharmapuri,Dharmapuri,Tamil Nadu,7.81,Barren,Loamy,Irrigated,17085347,21729358,12.1283,78.19425
1072,273,Siruseri 5,Dharmapuri,Dharmapuri,Tamil Nadu,19.09,Agricultural,Saline,Non-Irrigated,7093251,9230113,12.13614,78.11327
1073,274,Neelambur 8,Dharmapuri,Dharmapuri,Tamil Nadu,14.06,Commercial,Alluvial,Partly Irrigated,31959064,33807745,12.0883,78.14305
1074,274,Thogamalai 17,Dharmapuri,Dharmapuri,Tamil Nadu,4.25,Agricultural,Urban Fill,Partly Irrigated,38741756,47428216,12.07934,78.18738
1075,274,Sriperumbudur 10,Dharmapuri,Dharmapuri,Tamil Nadu,3.17,Residential,Alluvial,Non-Irrigated,34363670,44728607,12.1146,78.19697
1076,274,Madhavaram 6,Dharmapuri,Dharmapuri,Tamil Nadu,7.12,Industrial,Sandy,Irrigated,57624735,61663503,12.10484,78.16258
1077,274,Thogamalai 19,Dharmapuri,Dharmapuri,Tamil Nadu,24.99,Commercial,Black Cotton,Partly Irrigated,35344179,44405214,12.11761,78.15838
1078,275,Padur 19,Krishnagiri,Krishnagiri,Tamil Nadu,10.39,Commercial,Sandy,Non-Irrigated,66646019,86307594,12.49941,78.25629
1079,275,Padur 16,Krishnagiri,Krishnagiri,Tamil Nadu,18.72,Coastal,Alluvial,Partly Irrigated,32651271,42493848,12.52566,78.21378
1080,276,Ayappan Pattinam 20,Krishnagiri,Krishnagiri,Tamil Nadu,14.61,Residential,Sandy,Irrigated,11638409,14973166,12.55678,78.20664
1081,276,Oragadam 6,Krishnagiri,Krishnagiri,Tamil Nadu,16.55,Residential,Alluvial,Partly Irrigated,8946684,10594948,12.51855,78.18883
1082,276,Sholinganallur 2,Krishnagiri,Krishnagiri,Tamil Nadu,20.65,Agricultural,Saline,Partly Irrigated,22904003,30426640,12.4522,78.2367
1083,276,Sholinganallur 14,Krishnagiri,Krishnagiri,Tamil Nadu,23.3,Residential,Red Soil,Non-Irrigated,13463677,15196299,12.52841,78.17252
1084,276,Sriperumbudur 3,Krishnagiri,Krishnagiri,Tamil Nadu,16.94,Forest,Loamy,Irrigated,11176665,12805432,12.54767,78.1968
1085,277,Neelambur 19,Krishnagiri,Krishnagiri,Tamil Nadu,15.81,Commercial,Urban Fill,Irrigated,6835653,8519892,12.56705,78.20475
1086,277,Oragadam 3,Krishnagiri,Krishnagiri,Tamil Nadu,7.8,Coastal,Sandy,Irrigated,12886180,14093129,12.55269,78.24704
1087,277,Kelambakkam 4,Krishnagiri,Krishnagiri,Tamil Nadu,10.72,Residential,Urban Fill,Irrigated,8647271,11440168,12.57162,78.24135
1088,277,Samayapuram 6,Krishnagiri,Krishnagiri,Tamil Nadu,6.46,Agricultural,Sandy,Non-Irrigated,16756143,22347296,12.53889,78.16601
1089,277,Siruseri 12,Krishnagiri,Krishnagiri,Tamil Nadu,13.8,Barren,Alluvial,Irrigated,17687809,22442204,12.51234,78.24184
1090,278,Perungalathur 10,Krishnagiri,Krishnagiri,Tamil Nadu,8.04,Commercial,Red Soil,Partly Irrigated,73121046,82628023,12.52846,78.25076
1091,278,Manapakkam 15,Krishnagiri,Krishnagiri,Tamil Nadu,7.17,Commercial,Saline,Partly Irrigated,55592691,68253455,12.52171,78.25777
1092,278,Nandambakkam 9,Krishnagiri,Krishnagiri,Tamil Nadu,17.42,Industrial,Black Cotton,Partly Irrigated,45618822,53412415,12.50338,78.22153
1093,278,Perungalathur 18,Krishnagiri,Krishnagiri,Tamil Nadu,20.9,Commercial,Urban Fill,Partly Irrigated,42078718,47759283,12.55966,78.2647
1094,278,Kallikudi 8,Krishnagiri,Krishnagiri,Tamil Nadu,16.64,Agricultural,Black Cotton,Irrigated,34592226,37445628,12.56013,78.22979
1095,278,Kallikudi 10,Krishnagiri,Krishnagiri,Tamil Nadu,3.45,Coastal,Black Cotton,Partly Irrigated,69335726,82567801,12.55574,78.24051
1096,279,Karanai 4,Krishnagiri,Krishnagiri,Tamil Nadu,18.96,Commercial,Saline,Irrigated,8293015,9309657,12.55708,78.25689
1097,279,Kallikudi 3,Krishnagiri,Krishnagiri,Tamil Nadu,12.16,Barren,Loamy,Non-Irrigated,7475509,9969289,12.47658,78.1503
1098,279,Padur 16,Krishnagiri,Krishnagiri,Tamil Nadu,5.46,Commercial,Saline,Non-Irrigated,14812515,19767940,12.53025,78.20839
1099,279,Kallikudi 13,Krishnagiri,Krishnagiri,Tamil Nadu,8.86,Residential,Urban Fill,Partly Irrigated,22935486,29326933,12.53849,78.15149
1100,280,Sholinganallur 5,Krishnagiri,Krishnagiri,Tamil Nadu,9.31,Agricultural,Alluvial,Partly Irrigated,53554463,62723546,12.51439,78.18762
1101,280,Kelambakkam 18,Krishnagiri,Krishnagiri,Tamil Nadu,24.76,Coastal,Alluvial,Non-Irrigated,34859816,45852694,12.56258,78.1492
1102,280,Padur 8,Krishnagiri,Krishnagiri,Tamil Nadu,23.86,Residential,Alluvial,Irrigated,37977029,47796465,12.54025,78.20634
1103,280,Neelambur 3,Krishnagiri,Krishnagiri,Tamil Nadu,4.73,Commercial,Sandy,Irrigated,51728960,54686070,12.55255,78.20791
1104,281,Nandambakkam 11,Villupuram,Villupuram,Tamil Nadu,12.17,Coastal,Sandy,Non-Irrigated,48236316,54829269,11.96024,79.53974
1105,281,Manapakkam 6,Villupuram,Villupuram,Tamil Nadu,12.55,Coastal,Red Soil,Non-Irrigated,34674073,38550660,11.885,79.44902
1106,281,Nandambakkam 16,Villupuram,Villupuram,Tamil Nadu,3.25,Agricultural,Alluvial,Irrigated,51722906,60427973,11.91142,79.43967
1107,281,Neelambur 11,Villupuram,Villupuram,Tamil Nadu,14.75,Industrial,Black Cotton,Irrigated,38834325,48081652,11.93094,79.49265
1108,282,Padur 9,Villupuram,Villupuram,Tamil Nadu,6.41,Agricultural,Alluvial,Partly Irrigated,16639487,21473871,11.95797,79.4388
1109,282,Karanai 16,Villupuram,Villupuram,Tamil Nadu,11.23,Coastal,Red Soil,Irrigated,15320742,16238827,11.90342,79.48813
1110,282,Madhavaram 14,Villupuram,Villupuram,Tamil Nadu,15.18,Residential,Red Soil,Partly Irrigated,18333528,23529101,11.97117,79.46869
1111,282,Pudur 6,Villupuram,Villupuram,Tamil Nadu,22.03,Barren,Red Soil,Partly Irrigated,14406905,16506141,11.90633,79.48533
1112,282,Perungalathur 20,Villupuram,Villupuram,Tamil Nadu,12.53,Industrial,Sandy,Irrigated,21051659,24049523,11.97899,79.52157
1113,282,Thogamalai 13,Villupuram,Villupuram,Tamil Nadu,19.45,Forest,Sandy,Irrigated,9742816,10527871,11.89111,79.45315
1114,283,Samayapuram 16,Villupuram,Villupuram,Tamil Nadu,17.21,Industrial,Loamy,Partly Irrigated,5538807,7132463,11.99246,79.45278
1115,283,Pammalur 12,Villupuram,Villupuram,Tamil Nadu,14.39,Forest,Sandy,Irrigated,10715086,12339983,11.98688,79.51715
1116,284,Perungalathur 7,Villupuram,Villupuram,Tamil Nadu,14.17,Industrial,Alluvial,Partly Irrigated,46638518,56291783,11.88972,79.46934
1117,284,Padur 5,Villupuram,Villupuram,Tamil Nadu,13.32,Commercial,Red Soil,Partly Irrigated,40664502,48767109,11.9941,79.47383
1118,284,Samayapuram 1,Villupuram,Villupuram,Tamil Nadu,24.8,Industrial,Saline,Non-Irrigated,72861080,77652533,11.88227,79.47057
1119,284,Siruseri 8,Villupuram,Villupuram,Tamil Nadu,12.5,Forest,Sandy,Non-Irrigated,43767542,49509009,11.92413,79.49504
1120,284,Pammalur 10,Villupuram,Villupuram,Tamil Nadu,22.78,Coastal,Loamy,Partly Irrigated,50620884,64316034,11.90805,79.43265
1121,284,Ayappan Pattinam 9,Villupuram,Villupuram,Tamil Nadu,16.87,Coastal,Alluvial,Irrigated,44380579,47687751,11.94711,79.46921
1122,285,Samayapuram 14,Villupuram,Villupuram,Tamil Nadu,8.41,Barren,Sandy,Irrigated,18712237,25083522,11.90014,79.47995
1123,285,Padur 14,Villupuram,Villupuram,Tamil Nadu,22.97,Agricultural,Loamy,Non-Irrigated,15461946,19118643,11.97548,79.44399
1124,285,Madhavaram 7,Villupuram,Villupuram,Tamil Nadu,13.28,Coastal,Loamy,Partly Irrigated,13979559,17208414,11.94234,79.54279
1125,285,Kelambakkam 11,Villupuram,Villupuram,Tamil Nadu,23.22,Residential,Saline,Irrigated,11526004,14067781,11.89321,79.51755
1126,286,Samayapuram 11,Villupuram,Villupuram,Tamil Nadu,6.96,Forest,Loamy,Partly Irrigated,8672012,9591381,11.99251,79.49771
1127,286,Sholinganallur 1,Villupuram,Villupuram,Tamil Nadu,9.49,Commercial,Black Cotton,Irrigated,14437489,18670902,11.93302,79.47498
1128,286,Sholinganallur 14,Villupuram,Villupuram,Tamil Nadu,4.05,Coastal,Black Cotton,Partly Irrigated,10975306,13612824,11.93938,79.52871
1129,286,Kelambakkam 17,Villupuram,Villupuram,Tamil Nadu,10.71,Commercial,Alluvial,Non-Irrigated,18551639,20325060,11.8884,79.54142
1130,287,Madhavaram 9,Villupuram,Villupuram,Tamil Nadu,14.71,Forest,Black Cotton,Partly Irrigated,10262063,10960899,11.92383,79.47365
1131,287,Padur 14,Villupuram,Villupuram,Tamil Nadu,9.04,Residential,Red Soil,Irrigated,15926131,19900736,11.98458,79.44237
1132,287,Kelambakkam 5,Villupuram,Villupuram,Tamil Nadu,18.1,Coastal,Black Cotton,Non-Irrigated,7002335,7983788,11.99246,79.54308
1133,288,Manapakkam 8,Vellore,Vellore,Tamil Nadu,9.33,Barren,Saline,Non-Irrigated,6763396,7480866,12.93194,79.11021
1134,288,Nandambakkam 12,Vellore,Vellore,Tamil Nadu,13.51,Barren,Sandy,Irrigated,12344065,13660443,12.95761,79.13826
1135,288,Madhavaram 8,Vellore,Vellore,Tamil Nadu,5.81,Commercial,Black Cotton,Irrigated,9786186,11749022,12.88837,79.15408
1136,289,Karanai 5,Vellore,Vellore,Tamil Nadu,10.44,Barren,Urban Fill,Non-Irrigated,13077183,17108763,12.93182,79.10054
1137,289,Kelambakkam 2,Vellore,Vellore,Tamil Nadu,17.01,Industrial,Red Soil,Partly Irrigated,14299836,15038958,12.96104,79.13613
1138,289,Kallikudi 13,Vellore,Vellore,Tamil Nadu,3.05,Coastal,Sandy,Partly Irrigated,11515707,15070638,12.87712,79.15391
1139,289,Manapakkam 19,Vellore,Vellore,Tamil Nadu,19.37,Forest,Urban Fill,Irrigated,13905296,16274497,12.94491,79.08442
1140,289,Sriperumbudur 17,Vellore,Vellore,Tamil Nadu,5.94,Commercial,Alluvial,Irrigated,7210225,9246961,12.87167,79.09085
1141,290,Manapakkam 4,Vellore,Vellore,Tamil Nadu,3.26,Barren,Loamy,Irrigated,27980115,33465274,12.8753,79.11285
1142,290,Ayappan Pattinam 20,Vellore,Vellore,Tamil Nadu,18.14,Coastal,Alluvial,Partly Irrigated,53513720,58479621,12.95615,79.12622
1143,290,Pudur 1,Vellore,Vellore,Tamil Nadu,21.96,Residential,Loamy,Non-Irrigated,42146683,55229407,12.95917,79.10669
1144,290,Nandambakkam 15,Vellore,Vellore,Tamil Nadu,18.79,Industrial,Red Soil,Non-Irrigated,75397418,88491066,12.91675,79.15197
1145,290,Kallikudi 12,Vellore,Vellore,Tamil Nadu,24.52,Agricultural,Red Soil,Irrigated,33823153,37878608,12.89377,79.16058
1146,291,Oragadam 17,Karur,Karur,Tamil Nadu,6.75,Barren,Urban Fill,Irrigated,36825080,49573293,10.99309,78.08273
1147,291,Manapakkam 3,Karur,Karur,Tamil Nadu,17.5,Industrial,Alluvial,Non-Irrigated,39955441,45486256,10.97103,78.12145
1148,291,Madhavaram 12,Karur,Karur,Tamil Nadu,20.9,Barren,Saline,Irrigated,32720830,36488577,10.98795,78.05013
1149,291,Siruseri 10,Karur,Karur,Tamil Nadu,23.23,Forest,Black Cotton,Partly Irrigated,37249754,45267983,10.92601,78.04022
1150,291,Padur 2,Karur,Karur,Tamil Nadu,7.59,Residential,Saline,Partly Irrigated,63216231,77745551,10.99405,78.0421
1151,291,Pudur 18,Karur,Karur,Tamil Nadu,13.87,Coastal,Alluvial,Irrigated,60872268,82103159,10.9227,78.02307
1152,292,Sriperumbudur 14,Karur,Karur,Tamil Nadu,16.11,Forest,Alluvial,Partly Irrigated,17340674,21659195,10.93261,78.12543
1153,292,Karanai 2,Karur,Karur,Tamil Nadu,7.53,Residential,Red Soil,Irrigated,7579087,10034512,10.9886,78.12017
1154,292,Kelambakkam 17,Karur,Karur,Tamil Nadu,16.91,Barren,Sandy,Partly Irrigated,13780327,14772842,10.99952,78.09237
1155,293,Karanai 7,Karur,Karur,Tamil Nadu,20.43,Coastal,Saline,Partly Irrigated,18955310,23356137,11.00902,78.04842
1156,293,Kallikudi 9,Karur,Karur,Tamil Nadu,5.19,Commercial,Red Soil,Partly Irrigated,22169966,29203065,10.92455,78.10673
1157,293,Madhavaram 1,Karur,Karur,Tamil Nadu,23.62,Industrial,Loamy,Non-Irrigated,7667494,8665754,10.98006,78.06465
1158,293,Padur 13,Karur,Karur,Tamil Nadu,5.85,Agricultural,Sandy,Partly Irrigated,7291409,8260948,10.96588,78.07691
1159,294,Oragadam 10,Karur,Karur,Tamil Nadu,17.23,Barren,Loamy,Partly Irrigated,21653395,23837840,10.98179,78.12984
1160,294,Sholinganallur 10,Karur,Karur,Tamil Nadu,4.4,Residential,Urban Fill,Irrigated,9169082,11773185,10.99586,78.02367
1161,295,Ayappan Pattinam 1,Karur,Karur,Tamil Nadu,16.32,Residential,Black Cotton,Partly Irrigated,15771416,19052863,10.93662,78.13186
1162,295,Sholinganallur 8,Karur,Karur,Tamil Nadu,4.69,Barren,Urban Fill,Irrigated,17257540,19462320,10.97962,78.05319
1163,296,Karanai 6,Thanjavur,Thanjavur,Tamil Nadu,7.57,Coastal,Sandy,Non-Irrigated,11887355,14187417,10.76748,79.13701
1164,296,Kelambakkam 6,Thanjavur,Thanjavur,Tamil Nadu,19.07,Industrial,Black Cotton,Irrigated,21061493,23589548,10.82361,79.15809
1165,296,Neelambur 15,Thanjavur,Thanjavur,Tamil Nadu,17.83,Commercial,Urban Fill,Partly Irrigated,13782299,16437002,10.83368,79.14568
1166,296,Pudur 8,Thanjavur,Thanjavur,Tamil Nadu,11.71,Forest,Urban Fill,Irrigated,7458026,9317844,10.75235,79.18995
1167,296,Samayapuram 1,Thanjavur,Thanjavur,Tamil Nadu,12.49,Residential,Urban Fill,Partly Irrigated,23983389,27929344,10.81254,79.11814
1168,296,Thogamalai 16,Thanjavur,Thanjavur,Tamil Nadu,6.21,Coastal,Black Cotton,Partly Irrigated,9094802,11126884,10.75685,79.11211
1169,297,Ayappan Pattinam 11,Thanjavur,Thanjavur,Tamil Nadu,12.58,Residential,Loamy,Non-Irrigated,10465942,11216415,10.83657,79.11026
1170,297,Sriperumbudur 18,Thanjavur,Thanjavur,Tamil Nadu,7.01,Agricultural,Red Soil,Irrigated,11487462,14382113,10.73555,79.10285
1171,297,Pammalur 9,Thanjavur,Thanjavur,Tamil Nadu,24.2,Residential,Black Cotton,Non-Irrigated,9716442,12658789,10.77882,79.13039
1172,297,Ayappan Pattinam 18,Thanjavur,Thanjavur,Tamil Nadu,4.17,Coastal,Alluvial,Partly Irrigated,12523571,16766974,10.80623,79.14785
1173,297,Kelambakkam 12,Thanjavur,Thanjavur,Tamil Nadu,4.47,Commercial,Loamy,Non-Irrigated,12440150,13927410,10.75529,79.17423
1174,298,Nandambakkam 7,Thanjavur,Thanjavur,Tamil Nadu,23.68,Residential,Sandy,Partly Irrigated,37916129,48980655,10.83364,79.09824
1175,298,Kallikudi 16,Thanjavur,Thanjavur,Tamil Nadu,9.82,Coastal,Urban Fill,Irrigated,65816179,71902953,10.74666,79.15747
1176,298,Siruseri 19,Thanjavur,Thanjavur,Tamil Nadu,18.05,Residential,Loamy,Irrigated,24310337,32761327,10.73518,79.08515
1177,298,Siruseri 16,Thanjavur,Thanjavur,Tamil Nadu,16.14,Barren,Saline,Non-Irrigated,73736248,90900159,10.75989,79.17522
1178,298,Karanai 4,Thanjavur,Thanjavur,Tamil Nadu,21.12,Forest,Black Cotton,Partly Irrigated,58386619,73480999,10.74898,79.19534
1179,298,Padur 19,Thanjavur,Thanjavur,Tamil Nadu,8.15,Residential,Sandy,Non-Irrigated,67082690,74214664,10.83987,79.08835
1180,299,Thogamalai 11,Thanjavur,Thanjavur,Tamil Nadu,5.79,Coastal,Black Cotton,Irrigated,14409567,17696041,10.83144,79.15986
1181,299,Ayappan Pattinam 17,Thanjavur,Thanjavur,Tamil Nadu,5.63,Agricultural,Loamy,Irrigated,14729312,17496006,10.80579,79.08441
1182,299,Perungalathur 16,Thanjavur,Thanjavur,Tamil Nadu,8.17,Coastal,Sandy,Partly Irrigated,13823678,14672156,10.80725,79.17852
1183,300,Neelambur 17,Thanjavur,Thanjavur,Tamil Nadu,13.87,Coastal,Urban Fill,Irrigated,12584125,15395372,10.81471,79.08724
1184,300,Nandambakkam 8,Thanjavur,Thanjavur,Tamil Nadu,20.54,Coastal,Urban Fill,Irrigated,8746263,11032507,10.7516,79.1208
1185,300,Perungalathur 15,Thanjavur,Thanjavur,Tamil Nadu,8.05,Barren,Red Soil,Irrigated,7849163,10323846,10.74954,79.14632
1186,301,Karanai 13,Thanjavur,Thanjavur,Tamil Nadu,16.71,Coastal,Saline,Partly Irrigated,16816271,18500038,10.72661,79.15167
1187,301,Thogamalai 5,Thanjavur,Thanjavur,Tamil Nadu,9.0,Barren,Alluvial,Partly Irrigated,9685917,12371852,10.82096,79.14788
1188,301,Nandambakkam 9,Thanjavur,Thanjavur,Tamil Nadu,19.94,Commercial,Saline,Partly Irrigated,12550064,14496110,10.76273,79.10819
1189,301,Sriperumbudur 19,Thanjavur,Thanjavur,Tamil Nadu,21.2,Forest,Alluvial,Non-Irrigated,12179459,14227912,10.77189,79.08616
1190,302,Karanai 4,Thoothukudi,Thoothukudi,Tamil Nadu,8.34,Commercial,Loamy,Irrigated,15892512,19003385,8.73602,78.00242
1191,302,Sriperumbudur 4,Thoothukudi,Thoothukudi,Tamil Nadu,12.61,Residential,Saline,Partly Irrigated,11274844,12719101,8.78884,78.05278
1192,303,Padur 14,Thoothukudi,Thoothukudi,Tamil Nadu,21.33,Industrial,Urban Fill,Non-Irrigated,18130094,19367500,8.77999,78.01545
1193,303,Sholinganallur 11,Thoothukudi,Thoothukudi,Tamil Nadu,16.38,Barren,Loamy,Partly Irrigated,9816872,11707524,8.74177,78.00389
1194,303,Kelambakkam 3,Thoothukudi,Thoothukudi,Tamil Nadu,15.14,Forest,Loamy,Partly Irrigated,13790214,17089102,8.8254,78.06605
1195,303,Karanai 12,Thoothukudi,Thoothukudi,Tamil Nadu,7.88,Residential,Alluvial,Partly Irrigated,13460999,16546799,8.78273,78.02859
1196,304,Kelambakkam 1,Thoothukudi,Thoothukudi,Tamil Nadu,3.07,Commercial,Saline,Non-Irrigated,12980648,14305197,8.71921,78.07925
1197,304,Siruseri 8,Thoothukudi,Thoothukudi,Tamil Nadu,16.6,Commercial,Black Cotton,Irrigated,15167548,20057404,8.7677,78.07061
1198,304,Pudur 4,Thoothukudi,Thoothukudi,Tamil Nadu,19.35,Agricultural,Saline,Irrigated,10893961,11882354,8.79444,78.0648
1199,304,Madhavaram 12,Thoothukudi,Thoothukudi,Tamil Nadu,18.61,Barren,Red Soil,Partly Irrigated,16070165,18409807,8.77266,78.03104
1200,305,Pammalur 2,Thoothukudi,Thoothukudi,Tamil Nadu,20.4,Commercial,Black Cotton,Partly Irrigated,33842071,37282399,8.81466,78.10058
1201,305,Nandambakkam 6,Thoothukudi,Thoothukudi,Tamil Nadu,8.52,Forest,Black Cotton,Irrigated,48198521,63799242,8.7399,78.03973
1202,305,Manapakkam 9,Thoothukudi,Thoothukudi,Tamil Nadu,7.79,Commercial,Saline,Partly Irrigated,42324603,55904545,8.73766,78.01841
1203,305,Padur 19,Thoothukudi,Thoothukudi,Tamil Nadu,7.19,Industrial,Loamy,Irrigated,34721392,43019727,8.70204,78.05118
1204,306,Nandambakkam 3,Thanjavur,Thanjavur,Tamil Nadu,12.07,Industrial,Urban Fill,Non-Irrigated,11053102,13512467,10.78925,79.09
1205,306,Thogamalai 12,Thanjavur,Thanjavur,Tamil Nadu,17.15,Barren,Saline,Irrigated,7891558,9608185,10.8464,79.16751
1206,307,Sholinganallur 20,Thanjavur,Thanjavur,Tamil Nadu,10.29,Coastal,Loamy,Non-Irrigated,15743390,19971097,10.78371,79.09149
1207,307,Kelambakkam 9,Thanjavur,Thanjavur,Tamil Nadu,21.4,Commercial,Loamy,Partly Irrigated,11666831,15029512,10.74241,79.15681
1208,307,Neelambur 9,Thanjavur,Thanjavur,Tamil Nadu,11.86,Forest,Saline,Non-Irrigated,16581336,18258122,10.73433,79.14157
1209,308,Nandambakkam 20,Thanjavur,Thanjavur,Tamil Nadu,17.3,Forest,Black Cotton,Partly Irrigated,5583661,6568612,10.82647,79.10678
1210,308,Kallikudi 2,Thanjavur,Thanjavur,Tamil Nadu,10.04,Commercial,Black Cotton,Non-Irrigated,22455953,28560111,10.78618,79.10725
1211,308,Manapakkam 6,Thanjavur,Thanjavur,Tamil Nadu,21.49,Agricultural,Sandy,Irrigated,7997178,10369597,10.74834,79.09559
1212,309,Thogamalai 16,Thanjavur,Thanjavur,Tamil Nadu,17.26,Barren,Urban Fill,Non-Irrigated,37325469,41265941,10.75871,79.10341
1213,309,Pudur 18,Thanjavur,Thanjavur,Tamil Nadu,11.67,Agricultural,Red Soil,Irrigated,44600889,52322557,10.75788,79.12945
1214,309,Neelambur 9,Thanjavur,Thanjavur,Tamil Nadu,21.23,Residential,Saline,Irrigated,48566988,65289037,10.72235,79.1429
1215,309,Pudur 20,Thanjavur,Thanjavur,Tamil Nadu,13.74,Barren,Black Cotton,Non-Irrigated,52140158,62877301,10.79655,79.18461
1216,309,Pudur 9,Thanjavur,Thanjavur,Tamil Nadu,21.13,Barren,Loamy,Partly Irrigated,60654519,78267792,10.76689,79.13439
1217,309,Nandambakkam 14,Thanjavur,Thanjavur,Tamil Nadu,7.15,Coastal,Sandy,Partly Irrigated,30746383,38707620,10.83852,79.1426
1218,310,Samayapuram 4,Thanjavur,Thanjavur,Tamil Nadu,10.14,Coastal,Alluvial,Non-Irrigated,13751201,16382090,10.7652,79.12909
1219,310,Perungalathur 2,Thanjavur,Thanjavur,Tamil Nadu,16.66,Industrial,Red Soil,Irrigated,7081809,7730667,10.7552,79.1819
1220,310,Madhavaram 6,Thanjavur,Thanjavur,Tamil Nadu,21.97,Residential,Loamy,Partly Irrigated,19828687,23916617,10.84483,79.19923
1221,310,Siruseri 10,Thanjavur,Thanjavur,Tamil Nadu,15.63,Forest,Red Soil,Non-Irrigated,17394558,22857780,10.84803,79.10145
1222,310,Karanai 17,Thanjavur,Thanjavur,Tamil Nadu,13.99,Residential,Loamy,Irrigated,17567198,19556179,10.84341,79.17068
1223,310,Pudur 7,Thanjavur,Thanjavur,Tamil Nadu,15.9,Barren,Urban Fill,Irrigated,17753034,23571883,10.82544,79.18963
1224,311,Pammalur 9,Tiruchirappalli,Tiruchirappalli,Tamil Nadu,23.66,Coastal,Sandy,Non-Irrigated,19257902,21022853,10.78088,78.6574
1225,311,Madhavaram 4,Tiruchirappalli,Tiruchirappalli,Tamil Nadu,14.37,Agricultural,Alluvial,Partly Irrigated,22697733,23889889,10.8051,78.6902
1226,312,Pammalur 7,Tiruchirappalli,Tiruchirappalli,Tamil Nadu,21.41,Agricultural,Black Cotton,Non-Irrigated,10986432,13340420,10.77178,78.72575
1227,312,Madhavaram 15,Tiruchirappalli,Tiruchirappalli,Tamil Nadu,13.11,Barren,Red Soil,Non-Irrigated,15984655,19839310,10.78212,78.6892
1228,312,Ayappan Pattinam 8,Tiruchirappalli,Tiruchirappalli,Tamil Nadu,24.94,Industrial,Red Soil,Irrigated,16592240,21101164,10.74948,78.70909
1229,312,Ayappan Pattinam 1,Tiruchirappalli,Tiruchirappalli,Tamil Nadu,11.65,Industrial,Sandy,Non-Irrigated,15482296,19653225,10.74717,78.73215
1230,313,Siruseri 3,Tiruchirappalli,Tiruchirappalli,Tamil Nadu,17.61,Barren,Black Cotton,Partly Irrigated,7700443,8957922,10.77621,78.70442
1231,313,Kelambakkam 16,Tiruchirappalli,Tiruchirappalli,Tamil Nadu,20.42,Coastal,Black Cotton,Partly Irrigated,13683726,18254502,10.73579,78.69415
1232,313,Karanai 16,Tiruchirappalli,Tiruchirappalli,Tamil Nadu,19.87,Agricultural,Saline,Irrigated,8898331,10467304,10.83751,78.69117
1233,313,Madhavaram 16,Tiruchirappalli,Tiruchirappalli,Tamil Nadu,3.26,Coastal,Saline,Partly Irrigated,9695096,11371006,10.7734,78.72593
1234,314,Sholinganallur 6,Tiruchirappalli,Tiruchirappalli,Tamil Nadu,23.28,Coastal,Sandy,Non-Irrigated,6798237,7181906,10.83062,78.72007
1235,314,Manapakkam 6,Tiruchirappalli,Tiruchirappalli,Tamil Nadu,6.42,Residential,Urban Fill,Partly Irrigated,8306249,8932750,10.81961,78.72615
1236,315,Pudur 12,Tiruchirappalli,Tiruchirappalli,Tamil Nadu,3.76,Residential,Saline,Non-Irrigated,62451792,67480865,10.83892,78.72468
1237,315,Kallikudi 17,Tiruchirappalli,Tiruchirappalli,Tamil Nadu,5.4,Coastal,Saline,Non-Irrigated,68630764,79402911,10.80052,78.72186
1238,316,Sriperumbudur 10,Tiruchirappalli,Tiruchirappalli,Tamil Nadu,18.6,Residential,Alluvial,Non-Irrigated,11834352,13456925,10.83001,78.69051
1239,316,Ayappan Pattinam 18,Tiruchirappalli,Tiruchirappalli,Tamil Nadu,21.85,Residential,Sandy,Non-Irrigated,6295295,6692108,10.81144,78.72755
1240,316,Pudur 5,Tiruchirappalli,Tiruchirappalli,Tamil Nadu,12.41,Residential,Saline,Partly Irrigated,12078755,14473349,10.79735,78.67115
1241,316,Kallikudi 5,Tiruchirappalli,Tiruchirappalli,Tamil Nadu,15.74,Commercial,Black Cotton,Irrigated,11329010,14726339,10.80385,78.66437
1242,316,Samayapuram 8,Tiruchirappalli,Tiruchirappalli,Tamil Nadu,5.28,Coastal,Sandy,Irrigated,22509721,26637468,10.81594,78.75981
1243,317,Sriperumbudur 11,Tiruchirappalli,Tiruchirappalli,Tamil Nadu,6.94,Forest,Urban Fill,Irrigated,67171424,73893015,10.76824,78.66174
1244,317,Manapakkam 16,Tiruchirappalli,Tiruchirappalli,Tamil Nadu,17.03,Barren,Saline,Partly Irrigated,63702179,73384384,10.79751,78.71609
1245,317,Padur 5,Tiruchirappalli,Tiruchirappalli,Tamil Nadu,13.52,Agricultural,Red Soil,Irrigated,67733493,81689421,10.81688,78.72175
1246,317,Siruseri 3,Tiruchirappalli,Tiruchirappalli,Tamil Nadu,24.45,Industrial,Sandy,Partly Irrigated,62273718,74091866,10.77075,78.70079
1247,318,Padur 19,Tiruchirappalli,Tiruchirappalli,Tamil Nadu,8.72,Residential,Red Soil,Partly Irrigated,7271349,8037857,10.74272,78.70909
1248,318,Kelambakkam 6,Tiruchirappalli,Tiruchirappalli,Tamil Nadu,17.23,Forest,Alluvial,Irrigated,10917514,13720403,10.73999,78.76022
1249,319,Padur 10,Tiruchirappalli,Tiruchirappalli,Tamil Nadu,3.12,Residential,Alluvial,Partly Irrigated,33089379,34866938,10.80863,78.64942
1250,319,Pudur 11,Tiruchirappalli,Tiruchirappalli,Tamil Nadu,11.02,Coastal,Loamy,Non-Irrigated,61370976,72647848,10.77306,78.6795
1251,319,Madhavaram 16,Tiruchirappalli,Tiruchirappalli,Tamil Nadu,19.05,Barren,Sandy,Non-Irrigated,52098208,60961643,10.77808,78.72169
1252,319,Sholinganallur 5,Tiruchirappalli,Tiruchirappalli,Tamil Nadu,16.72,Residential,Red Soil,Partly Irrigated,66379859,70922230,10.82733,78.73043
1253,320,Padur 9,Chengalpattu,Chengalpattu,Tamil Nadu,22.34,Agricultural,Black Cotton,Partly Irrigated,10733527,12164607,12.66167,79.9587
1254,320,Ayappan Pattinam 4,Chengalpattu,Chengalpattu,Tamil Nadu,17.46,Commercial,Loamy,Irrigated,12080390,16121518,12.66244,79.9349
1255,320,Ayappan Pattinam 4,Chengalpattu,Chengalpattu,Tamil Nadu,3.04,Commercial,Saline,Non-Irrigated,8670603,10265635,12.66264,79.92283
1256,320,Sholinganallur 12,Chengalpattu,Chengalpattu,Tamil Nadu,7.89,Agricultural,Saline,Partly Irrigated,10503417,11304771,12.70442,80.00802
1257,320,Karanai 3,Chengalpattu,Chengalpattu,Tamil Nadu,24.76,Forest,Loamy,Irrigated,7026267,9402682,12.71312,80.01979
1258,321,Oragadam 18,Chengalpattu,Chengalpattu,Tamil Nadu,22.05,Forest,Black Cotton,Partly Irrigated,37039149,49702143,12.66576,79.94499
1259,321,Kelambakkam 1,Chengalpattu,Chengalpattu,Tamil Nadu,3.54,Barren,Black Cotton,Partly Irrigated,59788626,68921452,12.73152,80.02222
1260,322,Sholinganallur 5,Chengalpattu,Chengalpattu,Tamil Nadu,19.64,Commercial,Red Soil,Non-Irrigated,49498729,53902064,12.71012,80.0172
1261,322,Neelambur 18,Chengalpattu,Chengalpattu,Tamil Nadu,6.15,Barren,Urban Fill,Non-Irrigated,40058697,43924828,12.66869,79.99461
1262,322,Samayapuram 17,Chengalpattu,Chengalpattu,Tamil Nadu,4.37,Agricultural,Red Soil,Non-Irrigated,35705722,38728982,12.69336,80.01387
1263,322,Ayappan Pattinam 10,Chengalpattu,Chengalpattu,Tamil Nadu,12.02,Barren,Red Soil,Partly Irrigated,36359452,41327010,12.7092,79.99266
1264,322,Kallikudi 15,Chengalpattu,Chengalpattu,Tamil Nadu,4.54,Industrial,Loamy,Irrigated,41474139,51682359,12.67247,79.96166
1265,322,Madhavaram 12,Chengalpattu,Chengalpattu,Tamil Nadu,9.39,Commercial,Black Cotton,Non-Irrigated,51700049,65531414,12.69474,79.98408
1266,323,Padur 14,Chengalpattu,Chengalpattu,Tamil Nadu,6.92,Commercial,Sandy,Irrigated,19588076,25149185,12.71837,79.95282
1267,323,Sriperumbudur 15,Chengalpattu,Chengalpattu,Tamil Nadu,3.37,Coastal,Red Soil,Irrigated,15734781,20274746,12.67554,80.01934
1268,323,Karanai 14,Chengalpattu,Chengalpattu,Tamil Nadu,9.67,Agricultural,Black Cotton,Irrigated,14216949,16473640,12.69045,79.96128
1269,323,Nandambakkam 11,Chengalpattu,Chengalpattu,Tamil Nadu,3.49,Forest,Red Soil,Partly Irrigated,18178109,22422053,12.74103,79.99026
1270,324,Pammalur 8,Chengalpattu,Chengalpattu,Tamil Nadu,22.13,Forest,Saline,Irrigated,8333065,9005100,12.62999,79.98973
1271,324,Madhavaram 19,Chengalpattu,Chengalpattu,Tamil Nadu,23.89,Forest,Urban Fill,Partly Irrigated,7174563,7990475,12.7233,80.02525
1272,324,Padur 16,Chengalpattu,Chengalpattu,Tamil Nadu,21.39,Industrial,Loamy,Partly Irrigated,18568024,24015083,12.7285,79.96718
1273,325,Ayappan Pattinam 2,Chengalpattu,Chengalpattu,Tamil Nadu,17.88,Forest,Urban Fill,Partly Irrigated,40679848,43242766,12.66042,79.98514
1274,325,Samayapuram 7,Chengalpattu,Chengalpattu,Tamil Nadu,16.49,Industrial,Urban Fill,Non-Irrigated,34429615,41216088,12.72095,80.03112
1275,325,Madhavaram 1,Chengalpattu,Chengalpattu,Tamil Nadu,9.81,Coastal,Red Soil,Irrigated,35287298,38747812,12.70808,79.94218
1276,325,Thogamalai 7,Chengalpattu,Chengalpattu,Tamil Nadu,18.81,Agricultural,Loamy,Partly Irrigated,46243182,60923679,12.6869,80.00997
1277,326,Pammalur 15,Chengalpattu,Chengalpattu,Tamil Nadu,24.24,Barren,Alluvial,Non-Irrigated,8345958,9483694,12.66394,79.97024
1278,326,Ayappan Pattinam 13,Chengalpattu,Chengalpattu,Tamil Nadu,6.03,Commercial,Sandy,Partly Irrigated,7909513,10546474,12.72893,79.96848
1279,326,Manapakkam 9,Chengalpattu,Chengalpattu,Tamil Nadu,9.44,Residential,Saline,Non-Irrigated,12923560,15607219,12.68522,80.02294
1280,327,Siruseri 4,Tiruvallur,Tiruvallur,Tamil Nadu,20.9,Commercial,Sandy,Partly Irrigated,10646812,13825211,13.14256,79.9346
1281,327,Manapakkam 14,Tiruvallur,Tiruvallur,Tamil Nadu,24.77,Commercial,Alluvial,Non-Irrigated,6588350,6970785,13.09656,79.96735
1282,327,Samayapuram 3,Tiruvallur,Tiruvallur,Tamil Nadu,9.57,Agricultural,Black Cotton,Non-Irrigated,6963565,7611087,13.14411,79.95149
1283,327,Samayapuram 8,Tiruvallur,Tiruvallur,Tamil Nadu,10.28,Industrial,Urban Fill,Irrigated,7135452,7992837,13.16215,79.94305
1284,328,Siruseri 19,Tiruvallur,Tiruvallur,Tamil Nadu,15.61,Industrial,Red Soil,Partly Irrigated,40701411,49413273,13.08224,79.94757
1285,328,Perungalathur 17,Tiruvallur,Tiruvallur,Tamil Nadu,23.87,Residential,Sandy,Partly Irrigated,57903105,63825505,13.12693,79.95002
1286,328,Oragadam 15,Tiruvallur,Tiruvallur,Tamil Nadu,12.54,Industrial,Sandy,Non-Irrigated,73483598,82168008,13.14244,79.94038
1287,328,Siruseri 17,Tiruvallur,Tiruvallur,Tamil Nadu,12.47,Commercial,Alluvial,Non-Irrigated,66050887,71712966,13.1784,79.90831
1288,328,Manapakkam 14,Tiruvallur,Tiruvallur,Tamil Nadu,3.47,Agricultural,Red Soil,Non-Irrigated,79072590,103804151,13.09585,79.96497
1289,328,Siruseri 18,Tiruvallur,Tiruvallur,Tamil Nadu,20.06,Agricultural,Urban Fill,Irrigated,66868049,70646170,13.18735,79.86674
1290,329,Samayapuram 15,Tiruvallur,Tiruvallur,Tamil Nadu,3.45,Forest,Red Soil,Non-Irrigated,65030015,74137199,13.16437,79.9364
1291,329,Karanai 5,Tiruvallur,Tiruvallur,Tamil Nadu,17.58,Residential,Loamy,Partly Irrigated,46660635,51343240,13.18405,79.91338
1292,329,Madhavaram 18,Tiruvallur,Tiruvallur,Tamil Nadu,19.3,Coastal,Saline,Non-Irrigated,38073281,44463488,13.09019,79.96143
1293,330,Padur 3,Namakkal,Namakkal,Tamil Nadu,15.98,Barren,Alluvial,Non-Irrigated,34318834,36832554,11.20662,78.15251
1294,330,Sriperumbudur 10,Namakkal,Namakkal,Tamil Nadu,6.92,Industrial,Black Cotton,Non-Irrigated,57784474,64165174,11.22716,78.21507
1295,331,Oragadam 15,Namakkal,Namakkal,Tamil Nadu,11.45,Agricultural,Urban Fill,Irrigated,9645303,10511827,11.23376,78.12709
1296,331,Kallikudi 20,Namakkal,Namakkal,Tamil Nadu,14.29,Coastal,Alluvial,Non-Irrigated,11237803,12572807,11.20348,78.19732
1297,332,Kallikudi 2,Namakkal,Namakkal,Tamil Nadu,8.33,Residential,Saline,Non-Irrigated,41547609,45004246,11.25926,78.13066
1298,332,Karanai 3,Namakkal,Namakkal,Tamil Nadu,12.53,Forest,Sandy,Irrigated,40405659,51867454,11.17732,78.16249
1299,333,Sriperumbudur 13,Namakkal,Namakkal,Tamil Nadu,21.34,Commercial,Saline,Partly Irrigated,13912858,18062155,11.2493,78.14543
1300,333,Manapakkam 2,Namakkal,Namakkal,Tamil Nadu,11.58,Barren,Sandy,Non-Irrigated,12353100,14905305,11.19179,78.15332
1301,334,Siruseri 4,Namakkal,Namakkal,Tamil Nadu,7.79,Agricultural,Saline,Non-Irrigated,19217819,22068255,11.25322,78.19622
1302,334,Sholinganallur 6,Namakkal,Namakkal,Tamil Nadu,5.06,Coastal,Loamy,Irrigated,8048821,10794884,11.18792,78.19569
1303,334,Neelambur 19,Namakkal,Namakkal,Tamil Nadu,5.08,Residential,Alluvial,Non-Irrigated,7808663,10357325,11.19876,78.17732
1304,335,Thogamalai 5,Namakkal,Namakkal,Tamil Nadu,10.06,Coastal,Alluvial,Partly Irrigated,15358491,16774470,11.27493,78.1804
1305,335,Sriperumbudur 20,Namakkal,Namakkal,Tamil Nadu,7.04,Agricultural,Black Cotton,Partly Irrigated,20920601,27094500,11.22236,78.12164
1306,335,Manapakkam 19,Namakkal,Namakkal,Tamil Nadu,15.26,Coastal,Sandy,Partly Irrigated,11470661,14605149,11.19884,78.19631
1307,336,Neelambur 8,Namakkal,Namakkal,Tamil Nadu,23.51,Barren,Black Cotton,Partly Irrigated,32105977,42779950,11.20773,78.21258
1308,336,Thogamalai 11,Namakkal,Namakkal,Tamil Nadu,20.81,Barren,Alluvial,Partly Irrigated,38355347,50502484,11.21347,78.20772
1309,336,Samayapuram 1,Namakkal,Namakkal,Tamil Nadu,22.57,Residential,Black Cotton,Irrigated,44213973,51861726,11.21279,78.14502
1310,336,Kallikudi 4,Namakkal,Namakkal,Tamil Nadu,14.45,Agricultural,Saline,Non-Irrigated,42064648,44277289,11.17763,78.2018
1311,336,Kelambakkam 4,Namakkal,Namakkal,Tamil Nadu,6.85,Coastal,Sandy,Partly Irrigated,44763381,56183615,11.27244,78.19462
1312,337,Oragadam 18,Namakkal,Namakkal,Tamil Nadu,19.91,Residential,Black Cotton,Partly Irrigated,12110875,13760056,11.18979,78.1125
1313,337,Nandambakkam 11,Namakkal,Namakkal,Tamil Nadu,3.81,Forest,Saline,Irrigated,18559535,22053258,11.24456,78.16355
1314,337,Pudur 8,Namakkal,Namakkal,Tamil Nadu,21.38,Coastal,Saline,Non-Irrigated,11032091,12173578,11.20522,78.20058
1315,337,Kallikudi 4,Namakkal,Namakkal,Tamil Nadu,19.58,Coastal,Red Soil,Non-Irrigated,12947243,16041475,11.1653,78.19057
1316,337,Karanai 5,Namakkal,Namakkal,Tamil Nadu,4.84,Barren,Urban Fill,Irrigated,15374795,16620979,11.21421,78.13497
1317,338,Manapakkam 19,Namakkal,Namakkal,Tamil Nadu,10.56,Agricultural,Black Cotton,Non-Irrigated,18132197,22870734,11.19096,78.19973
1318,338,Oragadam 9,Namakkal,Namakkal,Tamil Nadu,22.08,Agricultural,Sandy,Partly Irrigated,8644388,9410947,11.21306,78.18218
1319,339,Pammalur 1,Namakkal,Namakkal,Tamil Nadu,11.85,Forest,Red Soil,Irrigated,43800264,52457122,11.25404,78.11031
1320,339,Ayappan Pattinam 6,Namakkal,Namakkal,Tamil Nadu,6.05,Forest,Sandy,Non-Irrigated,59207220,72461414,11.23284,78.14954
1321,339,Oragadam 13,Namakkal,Namakkal,Tamil Nadu,3.66,Commercial,Black Cotton,Partly Irrigated,47013616,53960836,11.19905,78.19711
1322,339,Thogamalai 12,Namakkal,Namakkal,Tamil Nadu,5.77,Forest,Alluvial,Irrigated,55376631,70721234,11.24872,78.15656
1323,339,Kelambakkam 15,Namakkal,Namakkal,Tamil Nadu,14.57,Coastal,Alluvial,Irrigated,30250468,35281339,11.19249,78.12954
1324,339,Perungalathur 19,Namakkal,Namakkal,Tamil Nadu,14.29,Coastal,Loamy,Partly Irrigated,75507232,84804932,11.23412,78.12576
1325,340,Sriperumbudur 11,Ranipet,Ranipet,Tamil Nadu,3.19,Forest,Saline,Non-Irrigated,28413777,37530079,12.90141,79.29281
1326,340,Oragadam 13,Ranipet,Ranipet,Tamil Nadu,6.14,Coastal,Urban Fill,Partly Irrigated,41502814,55178711,12.94518,79.36517
1327,340,Pudur 11,Ranipet,Ranipet,Tamil Nadu,18.27,Forest,Sandy,Partly Irrigated,46282631,62468158,12.88447,79.34559
1328,341,Pammalur 12,Ranipet,Ranipet,Tamil Nadu,24.49,Barren,Saline,Partly Irrigated,8128203,8646883,12.94735,79.32993
1329,341,Pammalur 3,Ranipet,Ranipet,Tamil Nadu,20.76,Forest,Black Cotton,Partly Irrigated,12297345,13728411,12.95588,79.29104
1330,341,Oragadam 1,Ranipet,Ranipet,Tamil Nadu,5.86,Agricultural,Sandy,Non-Irrigated,11956361,15967396,12.91867,79.30126
1331,341,Kelambakkam 11,Ranipet,Ranipet,Tamil Nadu,17.18,Agricultural,Loamy,Partly Irrigated,19613318,22059839,12.90336,79.35043
1332,342,Manapakkam 18,Ranipet,Ranipet,Tamil Nadu,6.5,Forest,Alluvial,Irrigated,9092895,11295075,12.966,79.38354
1333,342,Padur 16,Ranipet,Ranipet,Tamil Nadu,9.44,Forest,Black Cotton,Irrigated,10199805,13445055,12.89217,79.32222
1334,342,Thogamalai 3,Ranipet,Ranipet,Tamil Nadu,21.29,Coastal,Saline,Non-Irrigated,14946623,18420226,12.95981,79.31278
1335,342,Neelambur 17,Ranipet,Ranipet,Tamil Nadu,11.16,Industrial,Urban Fill,Non-Irrigated,17373517,20721332,12.92442,79.29223
1336,342,Pudur 17,Ranipet,Ranipet,Tamil Nadu,10.94,Industrial,Urban Fill,Irrigated,10466537,12878745,12.92109,79.34537
1337,343,Pammalur 11,Ranipet,Ranipet,Tamil Nadu,13.52,Forest,Red Soil,Partly Irrigated,56380725,66579373,12.94561,79.36581
1338,343,Samayapuram 4,Ranipet,Ranipet,Tamil Nadu,20.99,Coastal,Saline,Partly Irrigated,54231065,63492099,12.89356,79.28403
1339,344,Manapakkam 16,Ranipet,Ranipet,Tamil Nadu,14.25,Forest,Red Soil,Non-Irrigated,60348966,79442441,12.96568,79.3133
1340,344,Oragadam 20,Ranipet,Ranipet,Tamil Nadu,10.87,Agricultural,Saline,Non-Irrigated,47940593,52786949,12.90732,79.29433
1341,344,Neelambur 18,Ranipet,Ranipet,Tamil Nadu,24.84,Barren,Alluvial,Non-Irrigated,53941128,62015087,12.94468,79.35907
1342,344,Kelambakkam 12,Ranipet,Ranipet,Tamil Nadu,16.35,Forest,Red Soil,Irrigated,53026295,65138028,12.93732,79.32658
1343,344,Neelambur 4,Ranipet,Ranipet,Tamil Nadu,14.91,Industrial,Urban Fill,Irrigated,39418170,45682066,12.92771,79.37072
1344,344,Nandambakkam 13,Ranipet,Ranipet,Tamil Nadu,19.85,Residential,Alluvial,Partly Irrigated,34038079,40878232,12.88788,79.35451
1345,345,Oragadam 16,Thanjavur,Thanjavur,Tamil Nadu,9.26,Residential,Loamy,Partly Irrigated,17207245,20474616,10.84589,79.17359
1346,345,Siruseri 4,Thanjavur,Thanjavur,Tamil Nadu,21.32,Industrial,Black Cotton,Partly Irrigated,12859278,14660413,10.80915,79.08491
1347,345,Padur 12,Thanjavur,Thanjavur,Tamil Nadu,14.37,Agricultural,Urban Fill,Irrigated,17574804,23272257,10.7774,79.18863
1348,345,Sholinganallur 19,Thanjavur,Thanjavur,Tamil Nadu,11.01,Agricultural,Loamy,Non-Irrigated,8107965,10569304,10.75791,79.09664
1349,345,Kelambakkam 2,Thanjavur,Thanjavur,Tamil Nadu,7.26,Commercial,Urban Fill,Partly Irrigated,16155420,18118989,10.81405,79.18086
1350,345,Nandambakkam 13,Thanjavur,Thanjavur,Tamil Nadu,4.82,Coastal,Black Cotton,Non-Irrigated,17280774,21266794,10.80065,79.16834
1351,346,Sholinganallur 18,Thanjavur,Thanjavur,Tamil Nadu,11.66,Coastal,Red Soil,Partly Irrigated,12242181,16453300,10.79254,79.12721
1352,346,Siruseri 1,Thanjavur,Thanjavur,Tamil Nadu,8.04,Coastal,Red Soil,Irrigated,12945851,13850340,10.82822,79.12313
1353,347,Kelambakkam 2,Thanjavur,Thanjavur,Tamil Nadu,20.12,Forest,Red Soil,Partly Irrigated,15966606,18877546,10.81069,79.18924
1354,347,Pammalur 16,Thanjavur,Thanjavur,Tamil Nadu,3.45,Residential,Black Cotton,Non-Irrigated,13443644,14248978,10.74951,79.1911
1355,348,Kallikudi 3,Thanjavur,Thanjavur,Tamil Nadu,14.62,Barren,Black Cotton,Irrigated,12999466,17368535,10.77208,79.15845
1356,348,Pammalur 18,Thanjavur,Thanjavur,Tamil Nadu,15.28,Agricultural,Saline,Partly Irrigated,15263979,19676475,10.78368,79.15385
1357,349,Kelambakkam 8,Thanjavur,Thanjavur,Tamil Nadu,18.49,Residential,Black Cotton,Non-Irrigated,11886603,13426570,10.8173,79.13595
1358,349,Samayapuram 5,Thanjavur,Thanjavur,Tamil Nadu,17.17,Industrial,Sandy,Irrigated,6757753,9039458,10.7835,79.14293
1359,349,Karanai 1,Thanjavur,Thanjavur,Tamil Nadu,13.39,Commercial,Alluvial,Partly Irrigated,16568389,18471396,10.79989,79.16468
1360,349,Nandambakkam 7,Thanjavur,Thanjavur,Tamil Nadu,18.15,Commercial,Loamy,Irrigated,16523633,21376717,10.83332,79.08832
1361,349,Kelambakkam 14,Thanjavur,Thanjavur,Tamil Nadu,6.35,Residential,Saline,Non-Irrigated,16321175,20463034,10.76,79.12546
1362,350,Siruseri 3,Thanjavur,Thanjavur,Tamil Nadu,12.38,Industrial,Saline,Partly Irrigated,15062837,19108833,10.77196,79.12458
1363,350,Manapakkam 6,Thanjavur,Thanjavur,Tamil Nadu,17.78,Coastal,Black Cotton,Partly Irrigated,13544784,17341161,10.74408,79.09199
1364,350,Ayappan Pattinam 1,Thanjavur,Thanjavur,Tamil Nadu,23.2,Coastal,Alluvial,Non-Irrigated,13334088,15128716,10.82373,79.19816
1365,350,Sriperumbudur 8,Thanjavur,Thanjavur,Tamil Nadu,13.07,Forest,Loamy,Irrigated,15227778,17911688,10.75335,79.10926
1366,351,Nandambakkam 7,Tiruchirappalli,Tiruchirappalli,Tamil Nadu,16.44,Residential,Black Cotton,Irrigated,5790002,6821449,10.79921,78.74437
1367,351,Perungalathur 19,Tiruchirappalli,Tiruchirappalli,Tamil Nadu,9.54,Barren,Alluvial,Partly Irrigated,11254676,14760651,10.82215,78.69861
1368,351,Samayapuram 5,Tiruchirappalli,Tiruchirappalli,Tamil Nadu,3.63,Coastal,Black Cotton,Non-Irrigated,15523278,20493947,10.75387,78.67756
1369,351,Sholinganallur 1,Tiruchirappalli,Tiruchirappalli,Tamil Nadu,15.08,Agricultural,Saline,Partly Irrigated,14747836,16173935,10.75498,78.76264
1370,351,Oragadam 11,Tiruchirappalli,Tiruchirappalli,Tamil Nadu,20.54,Industrial,Urban Fill,Partly Irrigated,18123963,22974228,10.80153,78.69048
1371,351,Madhavaram 20,Tiruchirappalli,Tiruchirappalli,Tamil Nadu,18.33,Commercial,Black Cotton,Irrigated,13931994,18807002,10.79792,78.67541
1372,352,Ayappan Pattinam 8,Tiruchirappalli,Tiruchirappalli,Tamil Nadu,9.64,Forest,Loamy,Irrigated,8410248,10337964,10.75609,78.71077
1373,352,Madhavaram 12,Tiruchirappalli,Tiruchirappalli,Tamil Nadu,9.48,Forest,Sandy,Partly Irrigated,12634349,16538374,10.76119,78.69501
1374,352,Manapakkam 6,Tiruchirappalli,Tiruchirappalli,Tamil Nadu,6.43,Coastal,Saline,Non-Irrigated,5550727,5883907,10.82591,78.72752
1375,352,Ayappan Pattinam 16,Tiruchirappalli,Tiruchirappalli,Tamil Nadu,24.74,Residential,Red Soil,Partly Irrigated,8490151,9296438,10.78457,78.75896
1376,352,Nandambakkam 15,Tiruchirappalli,Tiruchirappalli,Tamil Nadu,11.28,Agricultural,Black Cotton,Partly Irrigated,10641969,13847840,10.73626,78.71894
1377,352,Samayapuram 14,Tiruchirappalli,Tiruchirappalli,Tamil Nadu,15.81,Barren,Sandy,Partly Irrigated,11964539,14359601,10.75132,78.69298
1378,353,Nandambakkam 16,Tiruchirappalli,Tiruchirappalli,Tamil Nadu,6.73,Commercial,Urban Fill,Irrigated,12322787,14162960,10.84611,78.75279
1379,353,Manapakkam 3,Tiruchirappalli,Tiruchirappalli,Tamil Nadu,5.33,Coastal,Alluvial,Non-Irrigated,13228701,15712235,10.76949,78.71859
1380,353,Manapakkam 17,Tiruchirappalli,Tiruchirappalli,Tamil Nadu,3.65,Agricultural,Saline,Non-Irrigated,8251230,9488933,10.81094,78.74081
1381,353,Nandambakkam 15,Tiruchirappalli,Tiruchirappalli,Tamil Nadu,19.45,Industrial,Loamy,Partly Irrigated,8112398,8520820,10.73303,78.7279
1382,354,Siruseri 11,Tiruchirappalli,Tiruchirappalli,Tamil Nadu,24.36,Commercial,Saline,Irrigated,11532577,13075525,10.75309,78.64218
1383,354,Siruseri 17,Tiruchirappalli,Tiruchirappalli,Tamil Nadu,24.78,Barren,Black Cotton,Irrigated,12055437,13191668,10.76214,78.69956
1384,354,Perungalathur 12,Tiruchirappalli,Tiruchirappalli,Tamil Nadu,19.13,Barren,Urban Fill,Partly Irrigated,8570034,10615849,10.82113,78.71601
1385,355,Siruseri 1,Tiruchirappalli,Tiruchirappalli,Tamil Nadu,4.84,Forest,Loamy,Irrigated,13347671,18015312,10.82638,78.69365
1386,355,Manapakkam 8,Tiruchirappalli,Tiruchirappalli,Tamil Nadu,11.86,Commercial,Sandy,Non-Irrigated,12433117,14939749,10.81864,78.74903
1387,355,Manapakkam 16,Tiruchirappalli,Tiruchirappalli,Tamil Nadu,15.89,Forest,Red Soil,Irrigated,10493262,11439255,10.80442,78.72708
1388,356,Manapakkam 1,Tiruchirappalli,Tiruchirappalli,Tamil Nadu,13.2,Barren,Black Cotton,Non-Irrigated,47546141,59604351,10.75024,78.67456
1389,356,Karanai 17,Tiruchirappalli,Tiruchirappalli,Tamil Nadu,24.28,Coastal,Alluvial,Partly Irrigated,51820028,58913581,10.80695,78.65048
1390,356,Ayappan Pattinam 1,Tiruchirappalli,Tiruchirappalli,Tamil Nadu,6.58,Agricultural,Urban Fill,Partly Irrigated,55586222,67691157,10.74973,78.72897
1391,356,Samayapuram 12,Tiruchirappalli,Tiruchirappalli,Tamil Nadu,4.25,Industrial,Urban Fill,Non-Irrigated,55616318,68543137,10.80753,78.74257
1392,357,Neelambur 11,Tiruchirappalli,Tiruchirappalli,Tamil Nadu,18.34,Coastal,Saline,Partly Irrigated,6678743,7757041,10.78717,78.73427
1393,357,Nandambakkam 18,Tiruchirappalli,Tiruchirappalli,Tamil Nadu,17.32,Coastal,Red Soil,Partly Irrigated,9901827,10821079,10.74293,78.68611
1394,357,Thogamalai 7,Tiruchirappalli,Tiruchirappalli,Tamil Nadu,16.26,Forest,Urban Fill,Irrigated,11549556,14159491,10.84956,78.65069
1395,357,Sholinganallur 10,Tiruchirappalli,Tiruchirappalli,Tamil Nadu,10.22,Industrial,Red Soil,Irrigated,13818240,17242796,10.84534,78.69996
1396,357,Manapakkam 14,Tiruchirappalli,Tiruchirappalli,Tamil Nadu,12.44,Commercial,Saline,Non-Irrigated,11282272,12276119,10.75133,78.70889
1397,357,Siruseri 16,Tiruchirappalli,Tiruchirappalli,Tamil Nadu,5.26,Coastal,Alluvial,Partly Irrigated,11502454,12887396,10.77473,78.74115
1398,358,Nandambakkam 11,Cuddalore,Cuddalore,Tamil Nadu,5.57,Forest,Saline,Non-Irrigated,71971615,75629595,11.78074,79.66896
1399,358,Thogamalai 4,Cuddalore,Cuddalore,Tamil Nadu,17.41,Commercial,Red Soil,Non-Irrigated,51333744,61799009,11.80159,79.65114
1400,358,Pammalur 13,Cuddalore,Cuddalore,Tamil Nadu,18.52,Residential,Black Cotton,Partly Irrigated,32385786,38390686,11.72905,79.63355
1401,358,Madhavaram 9,Cuddalore,Cuddalore,Tamil Nadu,5.81,Residential,Sandy,Irrigated,58781992,78411127,11.69744,79.64447
1402,358,Thogamalai 3,Cuddalore,Cuddalore,Tamil Nadu,10.93,Industrial,Sandy,Non-Irrigated,56479768,65636559,11.80785,79.61348
1403,358,Samayapuram 14,Cuddalore,Cuddalore,Tamil Nadu,23.18,Industrial,Alluvial,Irrigated,34005457,38769254,11.7036,79.6388
1404,359,Manapakkam 1,Cuddalore,Cuddalore,Tamil Nadu,17.39,Coastal,Red Soil,Non-Irrigated,6889812,8572154,11.74539,79.6589
1405,359,Samayapuram 18,Cuddalore,Cuddalore,Tamil Nadu,3.54,Residential,Black Cotton,Partly Irrigated,14352309,17809961,11.76874,79.64796
1406,359,Sriperumbudur 12,Cuddalore,Cuddalore,Tamil Nadu,6.59,Agricultural,Sandy,Partly Irrigated,13752094,14810500,11.75893,79.65308
1407,359,Padur 14,Cuddalore,Cuddalore,Tamil Nadu,24.4,Agricultural,Red Soil,Partly Irrigated,17640204,23132769,11.76804,79.6764
1408,359,Perungalathur 8,Cuddalore,Cuddalore,Tamil Nadu,11.02,Coastal,Saline,Partly Irrigated,8989674,11000694,11.70227,79.65056
1409,359,Padur 20,Cuddalore,Cuddalore,Tamil Nadu,22.71,Coastal,Black Cotton,Irrigated,7748043,9429938,11.73742,79.65566
1410,360,Perungalathur 4,Cuddalore,Cuddalore,Tamil Nadu,17.73,Agricultural,Loamy,Partly Irrigated,15649127,17616417,11.73573,79.62599
1411,360,Nandambakkam 18,Cuddalore,Cuddalore,Tamil Nadu,23.7,Residential,Sandy,Partly Irrigated,5171260,6563587,11.72765,79.6695
1412,360,Siruseri 9,Cuddalore,Cuddalore,Tamil Nadu,12.47,Agricultural,Loamy,Irrigated,7500921,9935578,11.8039,79.6627
1413,360,Oragadam 3,Cuddalore,Cuddalore,Tamil Nadu,3.58,Forest,Alluvial,Partly Irrigated,11213779,13817839,11.77238,79.66609
1414,361,Nandambakkam 4,Cuddalore,Cuddalore,Tamil Nadu,22.38,Residential,Loamy,Irrigated,17031961,19856576,11.73245,79.6981
1415,361,Sholinganallur 14,Cuddalore,Cuddalore,Tamil Nadu,4.92,Residential,Sandy,Irrigated,6199059,6822251,11.7273,79.62835
1416,361,Oragadam 15,Cuddalore,Cuddalore,Tamil Nadu,17.6,Coastal,Loamy,Non-Irrigated,11162606,14833002,11.74383,79.61652
1417,362,Ayappan Pattinam 1,Cuddalore,Cuddalore,Tamil Nadu,22.97,Barren,Loamy,Partly Irrigated,6313256,8301864,11.80461,79.6254
1418,362,Ayappan Pattinam 12,Cuddalore,Cuddalore,Tamil Nadu,17.62,Forest,Sandy,Non-Irrigated,8123447,9606027,11.70356,79.69094
1419,362,Samayapuram 2,Cuddalore,Cuddalore,Tamil Nadu,22.64,Agricultural,Urban Fill,Non-Irrigated,17526592,20202072,11.78821,79.64304
1420,362,Padur 20,Cuddalore,Cuddalore,Tamil Nadu,19.53,Barren,Sandy,Partly Irrigated,15539903,19099057,11.73452,79.64662
1421,362,Ayappan Pattinam 19,Cuddalore,Cuddalore,Tamil Nadu,10.65,Industrial,Black Cotton,Irrigated,11995388,15992839,11.71186,79.6636
1422,363,Pudur 4,Cuddalore,Cuddalore,Tamil Nadu,9.73,Agricultural,Urban Fill,Partly Irrigated,43749993,52463155,11.68852,79.61229
1423,363,Sholinganallur 13,Cuddalore,Cuddalore,Tamil Nadu,10.75,Coastal,Black Cotton,Non-Irrigated,37718177,40092884,11.73975,79.65164
1424,363,Neelambur 7,Cuddalore,Cuddalore,Tamil Nadu,18.03,Commercial,Urban Fill,Non-Irrigated,36083548,41400810,11.72677,79.69079
1425,363,Kallikudi 4,Cuddalore,Cuddalore,Tamil Nadu,10.02,Commercial,Urban Fill,Partly Irrigated,29663536,34571780,11.80634,79.61273
1426,364,Nandambakkam 7,Cuddalore,Cuddalore,Tamil Nadu,15.55,Coastal,Sandy,Non-Irrigated,9861335,13138849,11.77909,79.61063
1427,364,Ayappan Pattinam 19,Cuddalore,Cuddalore,Tamil Nadu,17.13,Residential,Alluvial,Non-Irrigated,13444514,15030021,11.71477,79.65184
1428,364,Sholinganallur 17,Cuddalore,Cuddalore,Tamil Nadu,24.98,Coastal,Sandy,Irrigated,19606195,23460079,11.72911,79.66627
1429,364,Nandambakkam 19,Cuddalore,Cuddalore,Tamil Nadu,5.26,Industrial,Sandy,Non-Irrigated,9829368,12323873,11.78087,79.68622
1430,364,Sriperumbudur 15,Cuddalore,Cuddalore,Tamil Nadu,18.45,Agricultural,Alluvial,Irrigated,14418217,16005582,11.76338,79.67281
1431,364,Oragadam 17,Cuddalore,Cuddalore,Tamil Nadu,22.23,Agricultural,Alluvial,Partly Irrigated,10895630,12707199,11.71594,79.59911
1432,365,Siruseri 13,Karur,Karur,Tamil Nadu,24.54,Residential,Loamy,Partly Irrigated,68107488,90796792,10.9232,78.03464
1433,365,Pudur 19,Karur,Karur,Tamil Nadu,7.02,Barren,Red Soil,Partly Irrigated,45012658,55380035,10.98079,78.06363
1434,365,Pudur 5,Karur,Karur,Tamil Nadu,18.69,Commercial,Saline,Non-Irrigated,39073325,45159497,10.9089,78.11409
1435,365,Perungalathur 15,Karur,Karur,Tamil Nadu,13.81,Coastal,Loamy,Non-Irrigated,50871192,56876848,10.96247,78.04166
1436,365,Kallikudi 8,Karur,Karur,Tamil Nadu,11.64,Industrial,Urban Fill,Partly Irrigated,53073613,67242038,10.99571,78.03301
1437,365,Nandambakkam 7,Karur,Karur,Tamil Nadu,24.3,Commercial,Sandy,Irrigated,50673180,60442320,10.9544,78.04582
1438,366,Sriperumbudur 1,Karur,Karur,Tamil Nadu,16.84,Commercial,Alluvial,Non-Irrigated,7899026,9251945,10.95398,78.08997
1439,366,Samayapuram 17,Karur,Karur,Tamil Nadu,6.27,Industrial,Sandy,Non-Irrigated,11635406,14789169,10.99682,78.12176
1440,367,Manapakkam 8,Karur,Karur,Tamil Nadu,17.76,Agricultural,Saline,Partly Irrigated,44379404,50947173,10.98296,78.03874
1441,367,Karanai 1,Karur,Karur,Tamil Nadu,14.76,Barren,Saline,Non-Irrigated,75507230,87833599,10.92692,78.05449
1442,368,Samayapuram 16,Coimbatore,Coimbatore,Tamil Nadu,8.13,Agricultural,Loamy,Irrigated,16988300,18136400,11.01371,76.93786
1443,368,Kelambakkam 4,Coimbatore,Coimbatore,Tamil Nadu,4.4,Barren,Black Cotton,Irrigated,15372454,19536948,11.02643,76.99519
1444,368,Kallikudi 4,Coimbatore,Coimbatore,Tamil Nadu,11.2,Coastal,Sandy,Non-Irrigated,13320801,15378951,11.0336,76.98442
1445,368,Pudur 6,Coimbatore,Coimbatore,Tamil Nadu,17.76,Commercial,Black Cotton,Partly Irrigated,15688437,17125514,11.00664,76.95119
1446,368,Sriperumbudur 19,Coimbatore,Coimbatore,Tamil Nadu,19.39,Forest,Urban Fill,Non-Irrigated,10168420,10739686,11.05122,77.00266
1447,368,Samayapuram 3,Coimbatore,Coimbatore,Tamil Nadu,21.42,Forest,Urban Fill,Irrigated,19831776,21248565,11.06086,76.98756
1448,369,Siruseri 7,Coimbatore,Coimbatore,Tamil Nadu,19.54,Residential,Loamy,Partly Irrigated,40395582,52900071,11.01883,76.93599
1449,369,Madhavaram 1,Coimbatore,Coimbatore,Tamil Nadu,5.09,Barren,Alluvial,Partly Irrigated,65688738,74484149,11.03219,76.98775
1450,369,Sholinganallur 4,Coimbatore,Coimbatore,Tamil Nadu,22.11,Barren,Saline,Irrigated,43837672,46438136,10.99619,76.96386
1451,369,Pudur 4,Coimbatore,Coimbatore,Tamil Nadu,8.95,Commercial,Red Soil,Partly Irrigated,52062057,61970046,11.00293,76.9643
1452,369,Nandambakkam 19,Coimbatore,Coimbatore,Tamil Nadu,20.83,Forest,Saline,Irrigated,57843951,66996556,11.06141,77.00476
1453,370,Manapakkam 19,Coimbatore,Coimbatore,Tamil Nadu,14.1,Barren,Red Soil,Irrigated,20124984,23665628,10.97163,76.94246
1454,370,Madhavaram 18,Coimbatore,Coimbatore,Tamil Nadu,16.12,Agricultural,Urban Fill,Non-Irrigated,8075637,9740939,10.96675,76.9415
1455,370,Kallikudi 5,Coimbatore,Coimbatore,Tamil Nadu,24.75,Forest,Saline,Irrigated,7090836,9070684,11.01611,76.91775
1456,370,Thogamalai 15,Coimbatore,Coimbatore,Tamil Nadu,8.78,Commercial,Urban Fill,Irrigated,8636528,11622684,10.9935,76.92185
1457,371,Padur 20,Coimbatore,Coimbatore,Tamil Nadu,14.57,Industrial,Saline,Non-Irrigated,65895000,84980295,10.98672,76.96514
1458,371,Pudur 9,Coimbatore,Coimbatore,Tamil Nadu,11.42,Industrial,Saline,Irrigated,66478395,76199172,11.04389,77.00831
1459,371,Pammalur 12,Coimbatore,Coimbatore,Tamil Nadu,3.83,Industrial,Black Cotton,Irrigated,40111590,52159711,10.98517,77.00358
1460,371,Kelambakkam 20,Coimbatore,Coimbatore,Tamil Nadu,17.64,Barren,Urban Fill,Partly Irrigated,51030294,57147689,11.0588,76.94391
1461,372,Oragadam 20,Coimbatore,Coimbatore,Tamil Nadu,8.71,Coastal,Saline,Non-Irrigated,19170189,21483934,10.95827,76.99743
1462,372,Madhavaram 20,Coimbatore,Coimbatore,Tamil Nadu,15.8,Commercial,Loamy,Irrigated,8330915,8840481,10.99589,77.00774
1463,372,Padur 15,Coimbatore,Coimbatore,Tamil Nadu,17.2,Agricultural,Black Cotton,Irrigated,17447728,22873103,11.06534,76.90654
1464,373,Manapakkam 15,Coimbatore,Coimbatore,Tamil Nadu,20.66,Agricultural,Black Cotton,Non-Irrigated,68959002,92317153,11.07256,76.97807
1465,373,Ayappan Pattinam 11,Coimbatore,Coimbatore,Tamil Nadu,11.4,Industrial,Saline,Irrigated,52430951,67802405,10.96373,76.93431
1466,374,Nandambakkam 10,Coimbatore,Coimbatore,Tamil Nadu,6.92,Commercial,Loamy,Non-Irrigated,14395542,17011832,10.974,76.9183
1467,374,Samayapuram 18,Coimbatore,Coimbatore,Tamil Nadu,24.39,Industrial,Black Cotton,Partly Irrigated,14516078,16207016,11.00749,76.96566
1468,374,Madhavaram 13,Coimbatore,Coimbatore,Tamil Nadu,4.84,Commercial,Alluvial,Partly Irrigated,23010725,27702326,11.07096,76.92865
1469,374,Pudur 2,Coimbatore,Coimbatore,Tamil Nadu,22.04,Residential,Loamy,Partly Irrigated,11436701,12389221,11.02912,76.9325
1470,374,Ayappan Pattinam 8,Coimbatore,Coimbatore,Tamil Nadu,8.19,Residential,Loamy,Irrigated,15809356,16757983,10.97419,76.92338
1471,375,Pudur 19,Coimbatore,Coimbatore,Tamil Nadu,23.47,Barren,Sandy,Partly Irrigated,62349566,79335974,11.05496,76.9653
1472,375,Siruseri 6,Coimbatore,Coimbatore,Tamil Nadu,23.49,Barren,Red Soil,Irrigated,63319223,70699109,11.01179,76.95236
1473,375,Pudur 5,Coimbatore,Coimbatore,Tamil Nadu,20.82,Barren,Sandy,Partly Irrigated,34602760,39111180,11.02573,76.9935
1474,375,Karanai 9,Coimbatore,Coimbatore,Tamil Nadu,5.06,Residential,Saline,Partly Irrigated,34270625,38748268,11.0591,76.99314
1475,375,Nandambakkam 6,Coimbatore,Coimbatore,Tamil Nadu,8.51,Coastal,Black Cotton,Partly Irrigated,40546977,44637332,10.9627,76.96175
1476,376,Pammalur 19,Coimbatore,Coimbatore,Tamil Nadu,18.56,Forest,Loamy,Non-Irrigated,13887579,18622997,10.99307,76.90345
1477,376,Neelambur 14,Coimbatore,Coimbatore,Tamil Nadu,18.88,Forest,Red Soil,Non-Irrigated,16297611,20136128,11.02517,76.99366
1478,376,Ayappan Pattinam 7,Coimbatore,Coimbatore,Tamil Nadu,15.69,Barren,Saline,Non-Irrigated,8862780,10014626,11.07878,76.90911
1479,376,Manapakkam 9,Coimbatore,Coimbatore,Tamil Nadu,19.57,Agricultural,Urban Fill,Partly Irrigated,9881920,10798741,10.98802,76.99281
1480,376,Ayappan Pattinam 20,Coimbatore,Coimbatore,Tamil Nadu,24.21,Barren,Loamy,Irrigated,19838938,25359117,11.06144,76.91694
1481,377,Kallikudi 13,Coimbatore,Coimbatore,Tamil Nadu,16.87,Residential,Urban Fill,Non-Irrigated,37816417,47324782,11.04118,76.9447
1482,377,Sriperumbudur 5,Coimbatore,Coimbatore,Tamil Nadu,8.13,Commercial,Loamy,Non-Irrigated,36234444,40473908,10.99578,76.9991
1483,377,Manapakkam 3,Coimbatore,Coimbatore,Tamil Nadu,16.14,Commercial,Red Soil,Partly Irrigated,72574853,90052733,11.04534,76.93066
1484,377,Pudur 9,Coimbatore,Coimbatore,Tamil Nadu,10.82,Barren,Alluvial,Irrigated,41514487,45662043,11.0421,77.00759
1485,377,Nandambakkam 20,Coimbatore,Coimbatore,Tamil Nadu,23.83,Coastal,Black Cotton,Non-Irrigated,49096311,60864752,11.03949,76.93044
1486,378,Madhavaram 20,Coimbatore,Coimbatore,Tamil Nadu,10.44,Coastal,Loamy,Irrigated,72854849,94347141,10.98792,76.99878
1487,378,Kelambakkam 15,Coimbatore,Coimbatore,Tamil Nadu,15.3,Forest,Urban Fill,Non-Irrigated,40965590,48879473,11.06214,76.91439
1488,378,Ayappan Pattinam 16,Coimbatore,Coimbatore,Tamil Nadu,3.63,Barren,Black Cotton,Irrigated,61839794,83288530,11.00296,76.91721
1489,378,Kallikudi 2,Coimbatore,Coimbatore,Tamil Nadu,3.19,Agricultural,Red Soil,Partly Irrigated,25910297,27680513,11.02819,76.9895
1490,378,Neelambur 18,Coimbatore,Coimbatore,Tamil Nadu,22.5,Agricultural,Urban Fill,Irrigated,49407849,64381473,10.99405,76.92724
1491,379,Oragadam 10,Coimbatore,Coimbatore,Tamil Nadu,5.31,Forest,Sandy,Irrigated,10786463,11504526,11.0585,76.9307
1492,379,Pammalur 6,Coimbatore,Coimbatore,Tamil Nadu,19.19,Industrial,Red Soil,Partly Irrigated,12370034,14348917,11.01986,76.94386
1493,379,Kallikudi 19,Coimbatore,Coimbatore,Tamil Nadu,13.52,Forest,Loamy,Non-Irrigated,12494447,16659699,11.01518,76.89844
1494,379,Kallikudi 12,Coimbatore,Coimbatore,Tamil Nadu,15.08,Barren,Red Soil,Partly Irrigated,13242265,16671587,11.01582,76.99463
1495,380,Samayapuram 9,Cuddalore,Cuddalore,Tamil Nadu,20.39,Commercial,Red Soil,Irrigated,33803584,38447510,11.68948,79.6836
1496,380,Samayapuram 16,Cuddalore,Cuddalore,Tamil Nadu,6.99,Residential,Sandy,Non-Irrigated,46310810,60261920,11.7997,79.64441
1497,380,Samayapuram 8,Cuddalore,Cuddalore,Tamil Nadu,20.21,Agricultural,Loamy,Irrigated,35977007,42540125,11.77277,79.64829
1498,380,Kallikudi 9,Cuddalore,Cuddalore,Tamil Nadu,18.82,Agricultural,Red Soil,Non-Irrigated,45771531,60693264,11.71852,79.63379
1499,381,Pudur 12,Cuddalore,Cuddalore,Tamil Nadu,8.87,Barren,Red Soil,Irrigated,58555137,62796864,11.78291,79.60928
1500,381,Oragadam 8,Cuddalore,Cuddalore,Tamil Nadu,23.62,Residential,Red Soil,Partly Irrigated,51284032,59422257,11.75511,79.69089
1501,381,Madhavaram 19,Cuddalore,Cuddalore,Tamil Nadu,19.18,Forest,Loamy,Non-Irrigated,42142355,52504642,11.79635,79.68449
1502,381,Perungalathur 11,Cuddalore,Cuddalore,Tamil Nadu,21.13,Barren,Sandy,Partly Irrigated,50276478,62569836,11.79428,79.63164
1503,381,Kelambakkam 5,Cuddalore,Cuddalore,Tamil Nadu,18.93,Barren,Black Cotton,Irrigated,49875342,58263079,11.78675,79.62632
1504,381,Oragadam 19,Cuddalore,Cuddalore,Tamil Nadu,4.86,Coastal,Saline,Irrigated,58445692,71272699,11.77858,79.707
1505,382,Sholinganallur 1,Cuddalore,Cuddalore,Tamil Nadu,10.37,Residential,Alluvial,Partly Irrigated,12879890,13859168,11.70097,79.68834
1506,382,Pammalur 5,Cuddalore,Cuddalore,Tamil Nadu,12.44,Industrial,Black Cotton,Irrigated,18237403,23409273,11.75118,79.63302
1507,382,Kelambakkam 2,Cuddalore,Cuddalore,Tamil Nadu,17.07,Commercial,Sandy,Partly Irrigated,22196250,27053954,11.76346,79.5989
1508,382,Kelambakkam 16,Cuddalore,Cuddalore,Tamil Nadu,23.67,Barren,Red Soil,Irrigated,18655121,24831384,11.71969,79.62198
1509,383,Ayappan Pattinam 5,Cuddalore,Cuddalore,Tamil Nadu,10.05,Industrial,Sandy,Partly Irrigated,7655242,8953001,11.80302,79.63512
1510,383,Ayappan Pattinam 18,Cuddalore,Cuddalore,Tamil Nadu,3.65,Barren,Saline,Irrigated,14374242,18313020,11.72406,79.66873
1511,383,Sriperumbudur 3,Cuddalore,Cuddalore,Tamil Nadu,7.67,Industrial,Red Soil,Irrigated,10631662,13274314,11.74672,79.69525
1512,383,Sholinganallur 8,Cuddalore,Cuddalore,Tamil Nadu,19.94,Agricultural,Sandy,Irrigated,20213476,22005821,11.71726,79.62825
1513,383,Madhavaram 4,Cuddalore,Cuddalore,Tamil Nadu,9.57,Commercial,Red Soil,Non-Irrigated,13540308,15531809,11.78948,79.62882
1514,383,Pammalur 1,Cuddalore,Cuddalore,Tamil Nadu,21.03,Forest,Saline,Partly Irrigated,9533644,11996171,11.79943,79.63404
1515,384,Pudur 16,Cuddalore,Cuddalore,Tamil Nadu,9.55,Residential,Red Soil,Non-Irrigated,12591326,16763437,11.75904,79.64532
1516,384,Ayappan Pattinam 2,Cuddalore,Cuddalore,Tamil Nadu,23.39,Residential,Alluvial,Irrigated,9359291,11936466,11.7896,79.60974
1517,385,Pudur 13,Cuddalore,Cuddalore,Tamil Nadu,18.11,Residential,Alluvial,Non-Irrigated,9874191,11739207,11.77984,79.59699
1518,385,Madhavaram 15,Cuddalore,Cuddalore,Tamil Nadu,5.3,Industrial,Loamy,Irrigated,19473737,24181791,11.77555,79.68822
1519,385,Padur 3,Cuddalore,Cuddalore,Tamil Nadu,3.98,Barren,Black Cotton,Non-Irrigated,23988095,25252875,11.76375,79.69181
1520,386,Nandambakkam 18,Cuddalore,Cuddalore,Tamil Nadu,4.43,Residential,Sandy,Non-Irrigated,61782512,72817163,11.72833,79.67977
1521,386,Ayappan Pattinam 11,Cuddalore,Cuddalore,Tamil Nadu,17.29,Coastal,Sandy,Partly Irrigated,54240046,69205448,11.70599,79.6899
1522,386,Ayappan Pattinam 2,Cuddalore,Cuddalore,Tamil Nadu,16.37,Agricultural,Black Cotton,Partly Irrigated,30420153,37653004,11.78816,79.60757
1523,386,Sholinganallur 8,Cuddalore,Cuddalore,Tamil Nadu,19.8,Commercial,Red Soil,Irrigated,24835519,27925670,11.72134,79.61956
1524,386,Neelambur 2,Cuddalore,Cuddalore,Tamil Nadu,14.59,Barren,Red Soil,Non-Irrigated,39081070,45475593,11.78686,79.69987
1525,387,Madhavaram 3,Cuddalore,Cuddalore,Tamil Nadu,4.92,Forest,Black Cotton,Irrigated,14938999,17513565,11.71189,79.64764
1526,387,Sholinganallur 3,Cuddalore,Cuddalore,Tamil Nadu,17.48,Barren,Loamy,Partly Irrigated,16896646,18001036,11.73575,79.59863
1527,387,Oragadam 16,Cuddalore,Cuddalore,Tamil Nadu,14.94,Forest,Alluvial,Irrigated,17665462,18569075,11.75997,79.70111
1528,387,Sriperumbudur 19,Cuddalore,Cuddalore,Tamil Nadu,3.47,Forest,Urban Fill,Irrigated,8830337,10883721,11.77811,79.70417
1529,387,Manapakkam 4,Cuddalore,Cuddalore,Tamil Nadu,5.42,Agricultural,Loamy,Non-Irrigated,17327993,22874987,11.743,79.67824
1530,387,Sholinganallur 5,Cuddalore,Cuddalore,Tamil Nadu,18.46,Barren,Black Cotton,Irrigated,14265809,17075962,11.74702,79.60801
1531,388,Oragadam 15,Villupuram,Villupuram,Tamil Nadu,5.28,Barren,Saline,Irrigated,8865778,11949711,11.9529,79.54248
1532,388,Samayapuram 1,Villupuram,Villupuram,Tamil Nadu,16.66,Residential,Red Soil,Non-Irrigated,17283328,20948541,11.88758,79.47795
1533,388,Manapakkam 2,Villupuram,Villupuram,Tamil Nadu,7.73,Commercial,Urban Fill,Non-Irrigated,13415938,16851865,11.96783,79.48748
1534,389,Kallikudi 8,Villupuram,Villupuram,Tamil Nadu,14.18,Commercial,Alluvial,Partly Irrigated,12801226,17270652,11.99862,79.44582
1535,389,Sholinganallur 6,Villupuram,Villupuram,Tamil Nadu,15.24,Barren,Red Soil,Non-Irrigated,15536084,20139849,11.96219,79.4901
1536,389,Samayapuram 6,Villupuram,Villupuram,Tamil Nadu,13.68,Coastal,Urban Fill,Irrigated,12615773,13977402,11.91888,79.47513
1537,389,Oragadam 10,Villupuram,Villupuram,Tamil Nadu,15.52,Agricultural,Urban Fill,Non-Irrigated,21305166,22938833,11.976,79.49946
1538,389,Ayappan Pattinam 14,Villupuram,Villupuram,Tamil Nadu,17.12,Forest,Black Cotton,Irrigated,21048660,26112876,11.98736,79.46276
1539,389,Perungalathur 3,Villupuram,Villupuram,Tamil Nadu,21.46,Commercial,Black Cotton,Irrigated,16310898,20068260,11.9569,79.43756
1540,390,Nandambakkam 10,Villupuram,Villupuram,Tamil Nadu,17.52,Barren,Loamy,Irrigated,8250450,9677394,11.9911,79.53029
1541,390,Padur 10,Villupuram,Villupuram,Tamil Nadu,23.6,Forest,Urban Fill,Partly Irrigated,11812812,15412504,11.89383,79.50418
1542,391,Nandambakkam 3,Villupuram,Villupuram,Tamil Nadu,24.87,Commercial,Sandy,Partly Irrigated,14280894,19207290,11.99871,79.54216
1543,391,Neelambur 5,Villupuram,Villupuram,Tamil Nadu,11.92,Forest,Sandy,Non-Irrigated,9366720,9978203,11.92122,79.46972
1544,391,Samayapuram 10,Villupuram,Villupuram,Tamil Nadu,6.14,Residential,Red Soil,Irrigated,13023907,16549924,11.94566,79.45982
1545,391,Oragadam 5,Villupuram,Villupuram,Tamil Nadu,15.32,Residential,Saline,Irrigated,10338478,11750614,11.99339,79.49357
1546,391,Manapakkam 1,Villupuram,Villupuram,Tamil Nadu,4.63,Commercial,Urban Fill,Irrigated,15594341,19009392,11.96467,79.52355
1547,392,Oragadam 9,Villupuram,Villupuram,Tamil Nadu,6.88,Residential,Saline,Partly Irrigated,17750723,21054070,11.98532,79.44765
1548,392,Pudur 10,Villupuram,Villupuram,Tamil Nadu,10.03,Industrial,Black Cotton,Partly Irrigated,9283179,10182755,11.92069,79.52593
1549,392,Samayapuram 16,Villupuram,Villupuram,Tamil Nadu,23.57,Agricultural,Black Cotton,Partly Irrigated,8518842,10037125,11.98488,79.46353
1550,393,Perungalathur 20,Villupuram,Villupuram,Tamil Nadu,4.24,Barren,Loamy,Non-Irrigated,35504657,46200127,11.96823,79.51966
1551,393,Samayapuram 2,Villupuram,Villupuram,Tamil Nadu,11.65,Industrial,Saline,Partly Irrigated,56640315,67621980,11.88971,79.5169
1552,393,Padur 10,Villupuram,Villupuram,Tamil Nadu,4.36,Barren,Red Soil,Partly Irrigated,54373839,73377643,11.89745,79.50594
1553,393,Pudur 19,Villupuram,Villupuram,Tamil Nadu,7.4,Barren,Loamy,Partly Irrigated,47118421,52870569,11.93804,79.5262
1554,393,Thogamalai 9,Villupuram,Villupuram,Tamil Nadu,18.21,Forest,Red Soil,Non-Irrigated,50877129,59359882,11.92504,79.45445
1555,393,Kallikudi 2,Villupuram,Villupuram,Tamil Nadu,15.82,Forest,Saline,Irrigated,53282243,58509232,11.99812,79.48671
1556,394,Oragadam 9,Villupuram,Villupuram,Tamil Nadu,17.14,Agricultural,Sandy,Non-Irrigated,13823149,18001862,11.986,79.44476
1557,394,Thogamalai 15,Villupuram,Villupuram,Tamil Nadu,19.62,Commercial,Alluvial,Non-Irrigated,13203260,15782724,11.96813,79.43578
1558,394,Pammalur 17,Villupuram,Villupuram,Tamil Nadu,17.48,Forest,Loamy,Non-Irrigated,16838163,21204614,11.91518,79.43195
1559,394,Kallikudi 3,Villupuram,Villupuram,Tamil Nadu,20.83,Coastal,Red Soil,Partly Irrigated,17346503,21213219,11.98368,79.46196
1560,395,Thogamalai 8,Salem,Salem,Tamil Nadu,16.7,Agricultural,Loamy,Non-Irrigated,6628876,8637823,11.6975,78.16142
1561,395,Oragadam 9,Salem,Salem,Tamil Nadu,23.91,Commercial,Sandy,Non-Irrigated,12897682,15515619,11.63646,78.16989
1562,396,Thogamalai 8,Salem,Salem,Tamil Nadu,17.67,Coastal,Alluvial,Irrigated,13246953,17321039,11.6872,78.16102
1563,396,Pudur 12,Salem,Salem,Tamil Nadu,19.42,Residential,Red Soil,Irrigated,12908601,14658433,11.65736,78.17571
1564,396,Thogamalai 14,Salem,Salem,Tamil Nadu,19.45,Residential,Loamy,Partly Irrigated,22153775,28400219,11.67499,78.16973
1565,396,Sriperumbudur 13,Salem,Salem,Tamil Nadu,17.56,Industrial,Saline,Non-Irrigated,7502431,9741106,11.66624,78.09531
1566,396,Manapakkam 7,Salem,Salem,Tamil Nadu,7.67,Commercial,Red Soil,Irrigated,5814475,7602063,11.68363,78.18384
1567,396,Siruseri 5,Salem,Salem,Tamil Nadu,15.44,Industrial,Alluvial,Non-Irrigated,8639532,9343707,11.66076,78.11733
1568,397,Sriperumbudur 1,Salem,Salem,Tamil Nadu,14.79,Industrial,Saline,Non-Irrigated,7995429,10645201,11.69545,78.18154
1569,397,Sholinganallur 5,Salem,Salem,Tamil Nadu,24.73,Residential,Alluvial,Irrigated,11246597,12268865,11.63224,78.17858
1570,397,Siruseri 5,Salem,Salem,Tamil Nadu,13.65,Forest,Sandy,Partly Irrigated,13299771,16723859,11.65718,78.12005
1571,398,Oragadam 17,Salem,Salem,Tamil Nadu,16.6,Forest,Sandy,Irrigated,9653691,12786247,11.62051,78.11102
1572,398,Madhavaram 13,Salem,Salem,Tamil Nadu,12.9,Agricultural,Sandy,Partly Irrigated,11487284,14588365,11.65833,78.14678
1573,399,Ayappan Pattinam 16,Salem,Salem,Tamil Nadu,3.55,Residential,Sandy,Irrigated,41408816,46833913,11.66812,78.15728
1574,399,Nandambakkam 16,Salem,Salem,Tamil Nadu,11.65,Forest,Sandy,Irrigated,70011908,89618320,11.69582,78.13
1575,399,Neelambur 2,Salem,Salem,Tamil Nadu,15.89,Forest,Alluvial,Non-Irrigated,48247803,54777825,11.69552,78.14005
1576,400,Samayapuram 14,Salem,Salem,Tamil Nadu,22.25,Coastal,Urban Fill,Irrigated,38234288,48389711,11.68976,78.20381
1577,400,Manapakkam 1,Salem,Salem,Tamil Nadu,24.81,Forest,Loamy,Non-Irrigated,41259778,55196428,11.67724,78.1844
1578,400,Padur 9,Salem,Salem,Tamil Nadu,14.02,Agricultural,Alluvial,Non-Irrigated,43222135,49884259,11.70497,78.16635
1579,400,Thogamalai 20,Salem,Salem,Tamil Nadu,6.04,Commercial,Saline,Partly Irrigated,31263378,33160092,11.69859,78.17637
1580,401,Pudur 17,Salem,Salem,Tamil Nadu,8.19,Barren,Sandy,Partly Irrigated,23791063,25046505,11.68449,78.11029
1581,401,Madhavaram 7,Salem,Salem,Tamil Nadu,14.65,Forest,Black Cotton,Partly Irrigated,16847844,20828847,11.64604,78.10496
1582,401,Padur 5,Salem,Salem,Tamil Nadu,7.34,Residential,Red Soil,Partly Irrigated,12879725,16972347,11.69537,78.13566
1583,401,Neelambur 17,Salem,Salem,Tamil Nadu,13.97,Coastal,Loamy,Irrigated,10655814,13036934,11.70424,78.1865
1584,401,Pudur 9,Salem,Salem,Tamil Nadu,7.86,Barren,Alluvial,Non-Irrigated,18762059,20055857,11.68974,78.18067
1585,402,Madhavaram 6,Salem,Salem,Tamil Nadu,14.09,Forest,Black Cotton,Partly Irrigated,46550197,54049554,11.66164,78.14096
1586,402,Manapakkam 3,Salem,Salem,Tamil Nadu,5.54,Industrial,Sandy,Irrigated,41393765,48883884,11.61966,78.14942
1587,402,Manapakkam 19,Salem,Salem,Tamil Nadu,15.11,Coastal,Sandy,Irrigated,45975761,49810701,11.69297,78.09579
1588,402,Madhavaram 18,Salem,Salem,Tamil Nadu,17.9,Agricultural,Loamy,Irrigated,47362346,50144479,11.63073,78.19024
1589,402,Sriperumbudur 7,Salem,Salem,Tamil Nadu,23.55,Forest,Black Cotton,Partly Irrigated,42016298,49907476,11.63296,78.16539
1590,402,Kelambakkam 5,Salem,Salem,Tamil Nadu,19.07,Commercial,Loamy,Partly Irrigated,47276060,57239164,11.6484,78.18539
1591,403,Kelambakkam 6,Salem,Salem,Tamil Nadu,11.92,Forest,Saline,Non-Irrigated,13135585,16616519,11.64478,78.19643
1592,403,Madhavaram 16,Salem,Salem,Tamil Nadu,16.2,Industrial,Saline,Non-Irrigated,14087440,15490764,11.71814,78.13458
1593,403,Pammalur 20,Salem,Salem,Tamil Nadu,6.18,Industrial,Urban Fill,Irrigated,10358829,12831524,11.62326,78.12293
1594,403,Sriperumbudur 2,Salem,Salem,Tamil Nadu,8.22,Residential,Loamy,Irrigated,18638460,21770209,11.61032,78.12544
1595,403,Ayappan Pattinam 11,Salem,Salem,Tamil Nadu,4.33,Forest,Urban Fill,Non-Irrigated,17912455,19240353,11.67027,78.15874
1596,404,Siruseri 7,Salem,Salem,Tamil Nadu,20.1,Commercial,Red Soil,Non-Irrigated,15503536,20554740,11.66579,78.15381
1597,404,Oragadam 1,Salem,Salem,Tamil Nadu,16.71,Residential,Urban Fill,Partly Irrigated,13862703,15593191,11.71425,78.15677
1598,404,Siruseri 8,Salem,Salem,Tamil Nadu,3.5,Forest,Loamy,Non-Irrigated,8179024,8868632,11.67078,78.13806
1599,404,Karanai 15,Salem,Salem,Tamil Nadu,19.83,Industrial,Urban Fill,Non-Irrigated,17586397,20875550,11.64494,78.14506
1600,404,Ayappan Pattinam 18,Salem,Salem,Tamil Nadu,18.65,Industrial,Red Soil,Non-Irrigated,6594330,7905774,11.65204,78.15118
1601,404,Manapakkam 5,Salem,Salem,Tamil Nadu,9.38,Residential,Sandy,Irrigated,10422385,10965958,11.69035,78.12701
1602,405,Neelambur 7,Chennai,Chennai,Tamil Nadu,11.47,Barren,Sandy,Irrigated,36514150,41078349,13.0879,80.23548
1603,405,Karanai 10,Chennai,Chennai,Tamil Nadu,14.73,Coastal,Saline,Non-Irrigated,77750890,99883264,13.10976,80.2619
1604,405,Nandambakkam 15,Chennai,Chennai,Tamil Nadu,23.66,Industrial,Saline,Irrigated,37714565,47475106,13.05362,80.227
1605,405,Siruseri 5,Chennai,Chennai,Tamil Nadu,20.52,Forest,Urban Fill,Partly Irrigated,42579653,54858346,13.08853,80.25249
1606,405,Neelambur 18,Chennai,Chennai,Tamil Nadu,6.91,Agricultural,Red Soil,Non-Irrigated,44097577,49370733,13.07477,80.24705
1607,406,Kallikudi 2,Chennai,Chennai,Tamil Nadu,20.24,Forest,Alluvial,Irrigated,44668653,58523568,13.08389,80.24291
1608,406,Kallikudi 3,Chennai,Chennai,Tamil Nadu,6.71,Industrial,Loamy,Irrigated,56495377,72595328,13.07971,80.21756
1609,406,Karanai 8,Chennai,Chennai,Tamil Nadu,14.52,Industrial,Alluvial,Partly Irrigated,54283755,66295708,13.0905,80.24528
1610,406,Kelambakkam 19,Chennai,Chennai,Tamil Nadu,23.27,Agricultural,Saline,Irrigated,48566216,59190894,13.05841,80.26943
1611,406,Padur 18,Chennai,Chennai,Tamil Nadu,20.15,Barren,Black Cotton,Partly Irrigated,48827470,52821897,13.07587,80.24397
1612,406,Siruseri 1,Chennai,Chennai,Tamil Nadu,15.49,Residential,Red Soil,Irrigated,30538561,39382015,13.07574,80.24353
1613,407,Neelambur 13,Chennai,Chennai,Tamil Nadu,5.63,Agricultural,Saline,Non-Irrigated,67931918,81229953,13.09613,80.27354
1614,407,Oragadam 10,Chennai,Chennai,Tamil Nadu,15.59,Residential,Red Soil,Non-Irrigated,25450606,28486645,13.10605,80.23628
1615,407,Nandambakkam 4,Chennai,Chennai,Tamil Nadu,21.29,Residential,Urban Fill,Partly Irrigated,63460874,75286094,13.09089,80.23029
1616,407,Perungalathur 6,Chennai,Chennai,Tamil Nadu,7.84,Residential,Urban Fill,Partly Irrigated,42066930,54370669,13.06307,80.25882
1617,407,Perungalathur 5,Chennai,Chennai,Tamil Nadu,9.17,Agricultural,Loamy,Partly Irrigated,58854405,67524731,13.06805,80.25978
1618,407,Neelambur 6,Chennai,Chennai,Tamil Nadu,16.58,Coastal,Saline,Irrigated,40196458,49402511,13.07355,80.25383
1619,408,Manapakkam 8,Chennai,Chennai,Tamil Nadu,10.77,Industrial,Alluvial,Partly Irrigated,47665323,52721726,13.1028,80.22878
1620,408,Perungalathur 11,Chennai,Chennai,Tamil Nadu,17.53,Agricultural,Red Soil,Irrigated,41338274,52405629,13.10455,80.26697
1621,408,Pammalur 15,Chennai,Chennai,Tamil Nadu,20.06,Barren,Sandy,Non-Irrigated,47302764,51609050,13.08429,80.24868
1622,408,Sholinganallur 2,Chennai,Chennai,Tamil Nadu,12.22,Agricultural,Sandy,Partly Irrigated,51613653,66555189,13.06265,80.22709
1623,409,Pudur 4,Erode,Erode,Tamil Nadu,20.23,Barren,Loamy,Partly Irrigated,6162879,6727443,11.2906,77.70975
1624,409,Manapakkam 18,Erode,Erode,Tamil Nadu,12.02,Residential,Sandy,Non-Irrigated,12428076,14848809,11.38573,77.6758
1625,409,Nandambakkam 4,Erode,Erode,Tamil Nadu,22.12,Coastal,Red Soil,Partly Irrigated,23111938,25535498,11.37201,77.68216
1626,410,Sholinganallur 7,Erode,Erode,Tamil Nadu,18.38,Industrial,Saline,Non-Irrigated,6325516,7725620,11.39396,77.69886
1627,410,Samayapuram 9,Erode,Erode,Tamil Nadu,8.66,Industrial,Saline,Non-Irrigated,14375714,15688184,11.29436,77.73118
1628,411,Padur 1,Erode,Erode,Tamil Nadu,16.54,Coastal,Loamy,Non-Irrigated,11213092,12545147,11.39342,77.7035
1629,411,Thogamalai 11,Erode,Erode,Tamil Nadu,5.07,Forest,Black Cotton,Irrigated,5192829,6746612,11.38108,77.6643
1630,411,Pammalur 8,Erode,Erode,Tamil Nadu,14.69,Forest,Sandy,Irrigated,7576604,10221137,11.37297,77.70579
1631,411,Siruseri 19,Erode,Erode,Tamil Nadu,4.01,Coastal,Saline,Non-Irrigated,18692637,20857230,11.34313,77.75178
1632,411,Sholinganallur 4,Erode,Erode,Tamil Nadu,12.49,Agricultural,Sandy,Partly Irrigated,19601955,23190284,11.31346,77.67382
1633,412,Neelambur 4,Erode,Erode,Tamil Nadu,10.37,Forest,Saline,Irrigated,11478880,13174908,11.39373,77.72532
1634,412,Siruseri 10,Erode,Erode,Tamil Nadu,19.88,Coastal,Urban Fill,Irrigated,19699524,24313339,11.34902,77.65822
1635,412,Kallikudi 7,Erode,Erode,Tamil Nadu,17.88,Barren,Loamy,Irrigated,15603394,18057690,11.3986,77.76325
1636,412,Nandambakkam 4,Erode,Erode,Tamil Nadu,20.07,Coastal,Loamy,Partly Irrigated,6346298,7538236,11.3771,77.67834
1637,412,Samayapuram 19,Erode,Erode,Tamil Nadu,10.11,Commercial,Loamy,Partly Irrigated,6464562,6906579,11.321,77.73969
1638,413,Pammalur 19,Erode,Erode,Tamil Nadu,5.17,Coastal,Sandy,Non-Irrigated,11957815,12760412,11.38633,77.69652
1639,413,Pammalur 19,Erode,Erode,Tamil Nadu,11.31,Agricultural,Red Soil,Non-Irrigated,16995306,22165580,11.3783,77.70202
1640,414,Madhavaram 6,Thanjavur,Thanjavur,Tamil Nadu,11.75,Coastal,Alluvial,Partly Irrigated,69459387,84067362,10.83895,79.19083
1641,414,Perungalathur 5,Thanjavur,Thanjavur,Tamil Nadu,14.06,Residential,Loamy,Non-Irrigated,66086561,85294814,10.77952,79.15065
1642,414,Nandambakkam 12,Thanjavur,Thanjavur,Tamil Nadu,11.17,Coastal,Alluvial,Non-Irrigated,53475677,64809127,10.79593,79.15857
1643,414,Ayappan Pattinam 10,Thanjavur,Thanjavur,Tamil Nadu,23.29,Agricultural,Loamy,Non-Irrigated,69869727,85859405,10.77636,79.18259
1644,414,Sriperumbudur 10,Thanjavur,Thanjavur,Tamil Nadu,3.46,Coastal,Alluvial,Irrigated,46833550,62682726,10.77838,79.12162
1645,415,Kelambakkam 19,Thanjavur,Thanjavur,Tamil Nadu,23.81,Commercial,Black Cotton,Partly Irrigated,14149741,18320284,10.83472,79.14241
1646,415,Neelambur 17,Thanjavur,Thanjavur,Tamil Nadu,20.73,Agricultural,Black Cotton,Irrigated,11496027,13781731,10.82453,79.09001
1647,415,Sholinganallur 2,Thanjavur,Thanjavur,Tamil Nadu,9.38,Forest,Urban Fill,Non-Irrigated,7364569,8406609,10.8205,79.17497
1648,415,Oragadam 3,Thanjavur,Thanjavur,Tamil Nadu,11.13,Commercial,Urban Fill,Partly Irrigated,13613874,16494534,10.84285,79.1621
1649,415,Siruseri 17,Thanjavur,Thanjavur,Tamil Nadu,9.73,Agricultural,Sandy,Irrigated,20934022,24348474,10.83911,79.11142
1650,416,Madhavaram 5,Thanjavur,Thanjavur,Tamil Nadu,3.54,Barren,Loamy,Irrigated,19748490,21496525,10.84516,79.14961
1651,416,Perungalathur 9,Thanjavur,Thanjavur,Tamil Nadu,4.13,Residential,Black Cotton,Irrigated,8084617,9847156,10.77185,79.1914
1652,416,Neelambur 15,Thanjavur,Thanjavur,Tamil Nadu,15.15,Barren,Urban Fill,Irrigated,17699036,22362867,10.8228,79.13564
1653,416,Siruseri 8,Thanjavur,Thanjavur,Tamil Nadu,21.11,Agricultural,Alluvial,Partly Irrigated,23989171,27923838,10.80772,79.09406
1654,417,Kelambakkam 14,Thanjavur,Thanjavur,Tamil Nadu,8.86,Agricultural,Red Soil,Non-Irrigated,10541632,12349186,10.76036,79.13107
1655,417,Sholinganallur 17,Thanjavur,Thanjavur,Tamil Nadu,10.19,Forest,Black Cotton,Non-Irrigated,7265534,8695314,10.84247,79.14927
1656,417,Ayappan Pattinam 17,Thanjavur,Thanjavur,Tamil Nadu,8.1,Commercial,Saline,Partly Irrigated,10989174,11712477,10.80198,79.08814
1657,417,Kallikudi 3,Thanjavur,Thanjavur,Tamil Nadu,12.66,Forest,Sandy,Partly Irrigated,9668527,12324911,10.75702,79.17216
1658,417,Siruseri 18,Thanjavur,Thanjavur,Tamil Nadu,24.25,Coastal,Saline,Irrigated,8151279,10324900,10.77339,79.19846
1659,418,Ayappan Pattinam 4,Thanjavur,Thanjavur,Tamil Nadu,4.66,Industrial,Saline,Irrigated,19941468,23235365,10.75535,79.1592
1660,418,Sriperumbudur 17,Thanjavur,Thanjavur,Tamil Nadu,6.3,Industrial,Red Soil,Irrigated,12837861,14237960,10.77829,79.12119
1661,418,Madhavaram 9,Thanjavur,Thanjavur,Tamil Nadu,18.83,Forest,Sandy,Non-Irrigated,16135320,21700196,10.80814,79.15849
1662,418,Manapakkam 5,Thanjavur,Thanjavur,Tamil Nadu,22.53,Barren,Black Cotton,Partly Irrigated,13466952,17118521,10.8438,79.09819
1663,419,Perungalathur 17,Thanjavur,Thanjavur,Tamil Nadu,11.83,Residential,Loamy,Partly Irrigated,43196700,57229683,10.76,79.10641
1664,419,Karanai 20,Thanjavur,Thanjavur,Tamil Nadu,16.44,Coastal,Black Cotton,Partly Irrigated,38034007,50089022,10.74042,79.15168
1665,420,Perungalathur 17,Thanjavur,Thanjavur,Tamil Nadu,19.22,Coastal,Saline,Non-Irrigated,8079890,8611422,10.76165,79.10797
1666,420,Kelambakkam 11,Thanjavur,Thanjavur,Tamil Nadu,4.51,Barren,Loamy,Irrigated,11237796,13127568,10.81248,79.11398
1667,420,Padur 6,Thanjavur,Thanjavur,Tamil Nadu,21.76,Industrial,Alluvial,Partly Irrigated,12745712,15461908,10.75639,79.10436
1668,420,Neelambur 5,Thanjavur,Thanjavur,Tamil Nadu,14.26,Forest,Sandy,Non-Irrigated,8435296,9493209,10.83015,79.12616
1669,421,Sholinganallur 6,Thanjavur,Thanjavur,Tamil Nadu,11.71,Industrial,Black Cotton,Irrigated,14437952,16572042,10.8073,79.08071
1670,421,Madhavaram 3,Thanjavur,Thanjavur,Tamil Nadu,3.96,Coastal,Alluvial,Partly Irrigated,9776689,11119381,10.83843,79.12244
1671,422,Neelambur 11,Thanjavur,Thanjavur,Tamil Nadu,16.41,Residential,Black Cotton,Non-Irrigated,49508239,58462769,10.77484,79.08983
1672,422,Madhavaram 12,Thanjavur,Thanjavur,Tamil Nadu,15.42,Agricultural,Saline,Partly Irrigated,81978429,106363635,10.75384,79.18258
1673,423,Samayapuram 16,Namakkal,Namakkal,Tamil Nadu,21.11,Barren,Black Cotton,Irrigated,56056817,67085476,11.21588,78.18477
1674,423,Manapakkam 16,Namakkal,Namakkal,Tamil Nadu,14.84,Barren,Urban Fill,Irrigated,30843485,35753757,11.23561,78.16589
1675,423,Padur 13,Namakkal,Namakkal,Tamil Nadu,4.53,Residential,Alluvial,Irrigated,41095702,54350930,11.25486,78.1397
1676,423,Padur 20,Namakkal,Namakkal,Tamil Nadu,12.55,Coastal,Black Cotton,Non-Irrigated,47787589,51429374,11.19082,78.15853
1677,423,Perungalathur 11,Namakkal,Namakkal,Tamil Nadu,18.2,Commercial,Red Soil,Partly Irrigated,53811592,67987469,11.19966,78.16448
1678,423,Oragadam 3,Namakkal,Namakkal,Tamil Nadu,15.39,Forest,Black Cotton,Partly Irrigated,36681132,42568549,11.20133,78.20093
1679,424,Pudur 13,Namakkal,Namakkal,Tamil Nadu,3.53,Residential,Black Cotton,Non-Irrigated,76847138,100927427,11.19984,78.16976
1680,424,Ayappan Pattinam 1,Namakkal,Namakkal,Tamil Nadu,20.67,Agricultural,Alluvial,Non-Irrigated,55539512,63749427,11.18397,78.16532
1681,424,Madhavaram 14,Namakkal,Namakkal,Tamil Nadu,6.75,Forest,Sandy,Irrigated,50195543,52888522,11.16328,78.18109
1682,424,Sriperumbudur 3,Namakkal,Namakkal,Tamil Nadu,5.84,Residential,Sandy,Non-Irrigated,43715381,58897294,11.24874,78.15648
1683,425,Samayapuram 9,Namakkal,Namakkal,Tamil Nadu,24.52,Coastal,Urban Fill,Irrigated,49062199,64130696,11.24657,78.22031
1684,425,Siruseri 19,Namakkal,Namakkal,Tamil Nadu,13.3,Commercial,Red Soil,Irrigated,72374785,94520611,11.26526,78.13285
1685,425,Thogamalai 4,Namakkal,Namakkal,Tamil Nadu,17.14,Agricultural,Sandy,Partly Irrigated,47364666,58132765,11.18057,78.22277
1686,425,Padur 9,Namakkal,Namakkal,Tamil Nadu,7.72,Residential,Urban Fill,Partly Irrigated,39518968,42029820,11.16789,78.15644
1687,426,Ayappan Pattinam 4,Namakkal,Namakkal,Tamil Nadu,23.83,Residential,Alluvial,Non-Irrigated,67938514,76164516,11.19299,78.1691
1688,426,Kallikudi 15,Namakkal,Namakkal,Tamil Nadu,24.81,Industrial,Black Cotton,Non-Irrigated,56456748,71389926,11.2595,78.14868
1689,426,Ayappan Pattinam 20,Namakkal,Namakkal,Tamil Nadu,24.52,Barren,Red Soil,Non-Irrigated,43474712,51863628,11.24644,78.16783
1690,426,Pudur 5,Namakkal,Namakkal,Tamil Nadu,18.24,Agricultural,Sandy,Irrigated,49189463,57106843,11.20395,78.20056
1691,426,Sriperumbudur 13,Namakkal,Namakkal,Tamil Nadu,18.67,Industrial,Red Soil,Non-Irrigated,57100044,60780632,11.24213,78.14499
1692,427,Perungalathur 5,Namakkal,Namakkal,Tamil Nadu,11.26,Commercial,Alluvial,Non-Irrigated,17261782,19348371,11.21837,78.16478
1693,427,Neelambur 5,Namakkal,Namakkal,Tamil Nadu,24.84,Forest,Red Soil,Non-Irrigated,20729037,27544748,11.23776,78.1967
1694,427,Sriperumbudur 6,Namakkal,Namakkal,Tamil Nadu,5.76,Agricultural,Alluvial,Non-Irrigated,10124711,10706363,11.24835,78.20633
1695,427,Samayapuram 9,Namakkal,Namakkal,Tamil Nadu,11.65,Barren,Urban Fill,Irrigated,14821339,19124427,11.24712,78.21498
1696,428,Karanai 16,Namakkal,Namakkal,Tamil Nadu,6.88,Industrial,Red Soil,Irrigated,9778973,12271741,11.25509,78.16264
1697,428,Sholinganallur 10,Namakkal,Namakkal,Tamil Nadu,8.27,Industrial,Black Cotton,Non-Irrigated,15012697,18252128,11.16272,78.16104
1698,428,Samayapuram 18,Namakkal,Namakkal,Tamil Nadu,9.34,Barren,Saline,Non-Irrigated,10521114,12209961,11.18562,78.21864
1699,428,Sholinganallur 4,Namakkal,Namakkal,Tamil Nadu,24.23,Agricultural,Loamy,Partly Irrigated,18859756,24424795,11.24445,78.21388
1700,428,Madhavaram 11,Namakkal,Namakkal,Tamil Nadu,19.89,Coastal,Loamy,Non-Irrigated,16069117,19306563,11.23104,78.14833
1701,429,Pammalur 10,Salem,Salem,Tamil Nadu,15.77,Industrial,Urban Fill,Non-Irrigated,58168207,72664523,11.69038,78.10406
1702,429,Pudur 6,Salem,Salem,Tamil Nadu,17.61,Commercial,Black Cotton,Partly Irrigated,43815760,50115785,11.71204,78.1113
1703,429,Kallikudi 19,Salem,Salem,Tamil Nadu,11.98,Industrial,Urban Fill,Irrigated,40982131,51718885,11.69865,78.19349
1704,429,Samayapuram 20,Salem,Salem,Tamil Nadu,9.57,Industrial,Sandy,Non-Irrigated,45559961,52216230,11.64569,78.14136
1705,430,Padur 2,Salem,Salem,Tamil Nadu,11.1,Industrial,Alluvial,Non-Irrigated,11402888,13725352,11.61611,78.132
1706,430,Ayappan Pattinam 1,Salem,Salem,Tamil Nadu,6.81,Barren,Saline,Partly Irrigated,12381014,15744220,11.6734,78.09262
1707,430,Padur 13,Salem,Salem,Tamil Nadu,14.33,Agricultural,Black Cotton,Partly Irrigated,7861281,10375001,11.64094,78.14989
1708,431,Kallikudi 17,Salem,Salem,Tamil Nadu,12.71,Forest,Sandy,Irrigated,16976430,20648879,11.62779,78.13238
1709,431,Nandambakkam 14,Salem,Salem,Tamil Nadu,23.62,Forest,Loamy,Partly Irrigated,18420385,20198704,11.6456,78.10859
1710,431,Karanai 6,Salem,Salem,Tamil Nadu,8.61,Agricultural,Saline,Partly Irrigated,14447668,15739301,11.65617,78.11694
1711,431,Padur 17,Salem,Salem,Tamil Nadu,9.5,Residential,Red Soil,Irrigated,10100756,11628466,11.67952,78.18493
1712,431,Samayapuram 20,Salem,Salem,Tamil Nadu,16.56,Coastal,Black Cotton,Irrigated,12967564,17156206,11.63481,78.14301
1713,431,Karanai 2,Salem,Salem,Tamil Nadu,8.99,Agricultural,Loamy,Non-Irrigated,5909974,6939937,11.67536,78.10616
1714,432,Siruseri 6,Salem,Salem,Tamil Nadu,24.44,Forest,Alluvial,Non-Irrigated,18203254,21891699,11.61022,78.19918
1715,432,Pudur 12,Salem,Salem,Tamil Nadu,3.38,Industrial,Urban Fill,Non-Irrigated,13475771,17786176,11.66184,78.16256
1716,432,Neelambur 19,Salem,Salem,Tamil Nadu,17.85,Agricultural,Sandy,Partly Irrigated,20841966,26038410,11.63908,78.1576
1717,432,Sholinganallur 17,Salem,Salem,Tamil Nadu,24.75,Residential,Black Cotton,Partly Irrigated,9302081,12350805,11.68536,78.16629
1718,433,Perungalathur 17,Salem,Salem,Tamil Nadu,4.14,Forest,Red Soil,Irrigated,14590376,15918738,11.65192,78.14877
1719,433,Sholinganallur 5,Salem,Salem,Tamil Nadu,11.77,Barren,Urban Fill,Non-Irrigated,11388989,12276564,11.63283,78.17682
1720,433,Nandambakkam 10,Salem,Salem,Tamil Nadu,16.52,Barren,Saline,Non-Irrigated,11229831,14119032,11.6932,78.12054
1721,434,Manapakkam 12,Salem,Salem,Tamil Nadu,3.75,Agricultural,Loamy,Irrigated,57242793,73808189,11.70808,78.13334
1722,434,Pudur 9,Salem,Salem,Tamil Nadu,9.74,Coastal,Saline,Irrigated,50727028,54949741,11.70123,78.18043
1723,434,Kelambakkam 5,Salem,Salem,Tamil Nadu,3.71,Coastal,Loamy,Irrigated,35801478,47168000,11.64182,78.1911
1724,434,Perungalathur 17,Salem,Salem,Tamil Nadu,23.74,Forest,Black Cotton,Partly Irrigated,36286523,42374669,11.64753,78.15894
1725,435,Neelambur 1,Cuddalore,Cuddalore,Tamil Nadu,5.73,Forest,Sandy,Partly Irrigated,8893417,9564986,11.73039,79.64027
1726,435,Karanai 16,Cuddalore,Cuddalore,Tamil Nadu,3.88,Coastal,Black Cotton,Irrigated,8596318,11005275,11.77015,79.64614
1727,436,Sholinganallur 2,Cuddalore,Cuddalore,Tamil Nadu,7.01,Agricultural,Sandy,Partly Irrigated,21347067,27490570,11.74961,79.67387
1728,436,Sholinganallur 19,Cuddalore,Cuddalore,Tamil Nadu,21.34,Barren,Alluvial,Non-Irrigated,5206869,6618218,11.78119,79.61747
1729,437,Manapakkam 17,Cuddalore,Cuddalore,Tamil Nadu,17.15,Forest,Red Soil,Non-Irrigated,57430033,76683714,11.74926,79.6903
1730,437,Nandambakkam 19,Cuddalore,Cuddalore,Tamil Nadu,23.21,Forest,Red Soil,Non-Irrigated,61195359,74904338,11.77822,79.67972
1731,438,Kelambakkam 9,Cuddalore,Cuddalore,Tamil Nadu,11.56,Commercial,Saline,Partly Irrigated,9128441,10196126,11.79608,79.6399
1732,438,Manapakkam 5,Cuddalore,Cuddalore,Tamil Nadu,16.13,Commercial,Sandy,Partly Irrigated,17568030,21308604,11.79288,79.61889
1733,439,Samayapuram 17,Cuddalore,Cuddalore,Tamil Nadu,21.56,Agricultural,Black Cotton,Non-Irrigated,22683149,26716992,11.73191,79.62949
1734,439,Samayapuram 17,Cuddalore,Cuddalore,Tamil Nadu,19.69,Residential,Red Soil,Non-Irrigated,6413633,7245431,11.73236,79.62429
1735,439,Sriperumbudur 7,Cuddalore,Cuddalore,Tamil Nadu,5.64,Residential,Red Soil,Irrigated,17703721,21071360,11.76095,79.65557
1736,439,Kallikudi 7,Cuddalore,Cuddalore,Tamil Nadu,6.46,Agricultural,Alluvial,Non-Irrigated,7717841,9225701,11.73982,79.66344
1737,439,Neelambur 9,Cuddalore,Cuddalore,Tamil Nadu,7.92,Agricultural,Urban Fill,Partly Irrigated,11536516,12664523,11.72875,79.66146
1738,439,Pudur 9,Cuddalore,Cuddalore,Tamil Nadu,17.28,Commercial,Urban Fill,Partly Irrigated,13561778,15235349,11.79854,79.68316
1739,440,Samayapuram 17,Cuddalore,Cuddalore,Tamil Nadu,10.97,Forest,Alluvial,Partly Irrigated,68373307,78243414,11.73069,79.61461
1740,440,Oragadam 5,Cuddalore,Cuddalore,Tamil Nadu,3.56,Barren,Saline,Irrigated,64904072,75891274,11.78238,79.63407
1741,440,Pammalur 11,Cuddalore,Cuddalore,Tamil Nadu,16.89,Agricultural,Saline,Irrigated,48455698,61349279,11.77795,79.68393
1742,441,Oragadam 2,Cuddalore,Cuddalore,Tamil Nadu,10.04,Forest,Red Soil,Partly Irrigated,5927238,6895265,11.79599,79.59363
1743,441,Siruseri 1,Cuddalore,Cuddalore,Tamil Nadu,6.63,Agricultural,Alluvial,Partly Irrigated,11218164,14330169,11.79346,79.65779
1744,441,Sriperumbudur 9,Cuddalore,Cuddalore,Tamil Nadu,3.02,Agricultural,Black Cotton,Non-Irrigated,14178965,14944344,11.7222,79.62436
1745,441,Manapakkam 11,Cuddalore,Cuddalore,Tamil Nadu,15.84,Agricultural,Saline,Non-Irrigated,18790647,21265875,11.79616,79.66783
1746,441,Thogamalai 8,Cuddalore,Cuddalore,Tamil Nadu,11.23,Barren,Urban Fill,Partly Irrigated,14809143,19362008,11.70049,79.68692
1747,441,Nandambakkam 16,Cuddalore,Cuddalore,Tamil Nadu,6.14,Residential,Red Soil,Partly Irrigated,10641773,12658742,11.72867,79.63095
1748,442,Sriperumbudur 4,Cuddalore,Cuddalore,Tamil Nadu,5.51,Forest,Black Cotton,Partly Irrigated,48699979,56404695,11.71955,79.59722
1749,442,Thogamalai 15,Cuddalore,Cuddalore,Tamil Nadu,15.1,Forest,Sandy,Non-Irrigated,62864125,70456796,11.77549,79.64905
1750,442,Neelambur 12,Cuddalore,Cuddalore,Tamil Nadu,7.9,Commercial,Alluvial,Irrigated,60246446,71406887,11.73204,79.70694
1751,442,Kallikudi 9,Cuddalore,Cuddalore,Tamil Nadu,11.09,Coastal,Black Cotton,Non-Irrigated,28815825,38369878,11.71983,79.63117
1752,442,Madhavaram 16,Cuddalore,Cuddalore,Tamil Nadu,13.56,Forest,Urban Fill,Irrigated,53173193,60919995,11.72078,79.63934
1753,443,Karanai 16,Cuddalore,Cuddalore,Tamil Nadu,13.19,Commercial,Red Soil,Irrigated,68454257,86807902,11.78399,79.65284
1754,443,Manapakkam 16,Cuddalore,Cuddalore,Tamil Nadu,18.98,Forest,Urban Fill,Non-Irrigated,40398082,47121577,11.80538,79.67925
1755,444,Thogamalai 6,Cuddalore,Cuddalore,Tamil Nadu,23.52,Residential,Urban Fill,Non-Irrigated,56665215,63418603,11.70723,79.60727
1756,444,Pammalur 16,Cuddalore,Cuddalore,Tamil Nadu,5.48,Barren,Red Soil,Irrigated,43764629,47891368,11.73976,79.61247
1757,444,Neelambur 5,Cuddalore,Cuddalore,Tamil Nadu,7.69,Industrial,Sandy,Partly Irrigated,75270790,86675427,11.74446,79.65852
1758,445,Kallikudi 12,Vellore,Vellore,Tamil Nadu,18.34,Forest,Saline,Non-Irrigated,7092336,9112843,12.9057,79.15272
1759,445,Nandambakkam 4,Vellore,Vellore,Tamil Nadu,4.09,Forest,Sandy,Irrigated,14002483,14737320,12.88159,79.15393
1760,446,Kallikudi 2,Vellore,Vellore,Tamil Nadu,7.86,Forest,Urban Fill,Partly Irrigated,11485681,15476356,12.95833,79.1288
1761,446,Pammalur 1,Vellore,Vellore,Tamil Nadu,15.38,Agricultural,Red Soil,Irrigated,13563347,15871532,12.91685,79.14593
1762,447,Pudur 15,Vellore,Vellore,Tamil Nadu,5.91,Coastal,Sandy,Irrigated,67122587,84466389,12.91929,79.15436
1763,447,Kelambakkam 20,Vellore,Vellore,Tamil Nadu,11.31,Agricultural,Saline,Partly Irrigated,29844992,32047342,12.96787,79.10147
1764,447,Nandambakkam 2,Vellore,Vellore,Tamil Nadu,8.95,Industrial,Black Cotton,Irrigated,41949582,55266399,12.94845,79.1577
1765,447,Neelambur 7,Vellore,Vellore,Tamil Nadu,10.27,Coastal,Saline,Partly Irrigated,31516641,41328678,12.91436,79.17121
1766,447,Kallikudi 10,Vellore,Vellore,Tamil Nadu,21.77,Forest,Urban Fill,Partly Irrigated,58710341,67426248,12.92644,79.13385
1767,447,Sholinganallur 8,Vellore,Vellore,Tamil Nadu,3.08,Agricultural,Loamy,Partly Irrigated,61505870,79135840,12.95465,79.18905
1768,448,Kallikudi 16,Vellore,Vellore,Tamil Nadu,9.9,Residential,Red Soil,Non-Irrigated,20815877,26117438,12.8795,79.17072
1769,448,Perungalathur 7,Vellore,Vellore,Tamil Nadu,23.42,Commercial,Alluvial,Non-Irrigated,14424896,15688987,12.93267,79.13516
1770,449,Neelambur 10,Tiruchirappalli,Tiruchirappalli,Tamil Nadu,15.48,Residential,Urban Fill,Partly Irrigated,46914497,50871220,10.75274,78.75745
1771,449,Ayappan Pattinam 18,Tiruchirappalli,Tiruchirappalli,Tamil Nadu,10.44,Coastal,Black Cotton,Irrigated,75550329,100575782,10.80674,78.72622
1772,449,Kelambakkam 4,Tiruchirappalli,Tiruchirappalli,Tamil Nadu,24.36,Commercial,Sandy,Irrigated,39987836,52942263,10.81953,78.7523
1773,449,Ayappan Pattinam 1,Tiruchirappalli,Tiruchirappalli,Tamil Nadu,12.88,Commercial,Sandy,Partly Irrigated,75274033,82310746,10.74101,78.73234
1774,450,Thogamalai 9,Tiruchirappalli,Tiruchirappalli,Tamil Nadu,11.33,Commercial,Alluvial,Irrigated,15066359,17241619,10.73655,78.65639
1775,450,Padur 2,Tiruchirappalli,Tiruchirappalli,Tamil Nadu,21.55,Residential,Red Soil,Partly Irrigated,14548557,17208724,10.84844,78.72761
1776,451,Oragadam 17,Tiruchirappalli,Tiruchirappalli,Tamil Nadu,5.79,Industrial,Alluvial,Irrigated,51817230,65609085,10.82513,78.73953
1777,451,Pudur 2,Tiruchirappalli,Tiruchirappalli,Tamil Nadu,16.32,Residential,Loamy,Irrigated,74141100,84386956,10.81862,78.74492
1778,451,Kelambakkam 16,Tiruchirappalli,Tiruchirappalli,Tamil Nadu,11.62,Barren,Black Cotton,Irrigated,63391890,85020339,10.7307,78.68692
1779,451,Neelambur 3,Tiruchirappalli,Tiruchirappalli,Tamil Nadu,22.38,Coastal,Black Cotton,Non-Irrigated,43079005,54128828,10.79102,78.66019
1780,451,Oragadam 14,Tiruchirappalli,Tiruchirappalli,Tamil Nadu,23.26,Industrial,Red Soil,Partly Irrigated,52015972,66955245,10.84558,78.6716
1781,451,Kelambakkam 19,Tiruchirappalli,Tiruchirappalli,Tamil Nadu,7.85,Industrial,Alluvial,Partly Irrigated,46748441,61393445,10.78082,78.73051
1782,452,Neelambur 2,Coimbatore,Coimbatore,Tamil Nadu,13.4,Coastal,Sandy,Non-Irrigated,19311280,25939625,10.97581,76.90886
1783,452,Sholinganallur 13,Coimbatore,Coimbatore,Tamil Nadu,9.05,Coastal,Red Soil,Partly Irrigated,13765739,15767440,10.99224,77.00225
1784,452,Kelambakkam 7,Coimbatore,Coimbatore,Tamil Nadu,17.95,Commercial,Alluvial,Partly Irrigated,8928358,10468173,11.06107,76.9933
1785,452,Karanai 4,Coimbatore,Coimbatore,Tamil Nadu,19.19,Barren,Black Cotton,Irrigated,13349754,15837792,10.99629,77.0145
1786,452,Ayappan Pattinam 7,Coimbatore,Coimbatore,Tamil Nadu,17.19,Commercial,Urban Fill,Partly Irrigated,11605263,12469781,11.0671,76.90719
1787,452,Sholinganallur 15,Coimbatore,Coimbatore,Tamil Nadu,22.56,Residential,Saline,Non-Irrigated,8652483,11489796,11.05306,76.92303
1788,453,Sholinganallur 4,Coimbatore,Coimbatore,Tamil Nadu,11.21,Forest,Black Cotton,Irrigated,17482651,21290115,11.00434,76.965
1789,453,Manapakkam 6,Coimbatore,Coimbatore,Tamil Nadu,4.31,Commercial,Sandy,Partly Irrigated,9688789,10620892,11.06376,77.0045
1790,453,Sholinganallur 6,Coimbatore,Coimbatore,Tamil Nadu,6.3,Barren,Saline,Irrigated,15278113,18495075,10.98992,76.93111
1791,453,Siruseri 7,Coimbatore,Coimbatore,Tamil Nadu,6.61,Forest,Sandy,Partly Irrigated,13490871,16636199,11.02758,76.93063
1792,454,Samayapuram 16,Coimbatore,Coimbatore,Tamil Nadu,10.85,Residential,Sandy,Partly Irrigated,55755348,62896102,11.02075,76.92622
1793,454,Oragadam 20,Coimbatore,Coimbatore,Tamil Nadu,8.64,Agricultural,Sandy,Non-Irrigated,43562295,53475273,10.96701,77.00748
1794,454,Perungalathur 10,Coimbatore,Coimbatore,Tamil Nadu,21.0,Forest,Alluvial,Partly Irrigated,55163016,64094050,11.0071,77.01292
1795,454,Karanai 8,Coimbatore,Coimbatore,Tamil Nadu,12.49,Agricultural,Black Cotton,Non-Irrigated,61617880,68912436,10.9915,76.96326
1796,454,Pammalur 17,Coimbatore,Coimbatore,Tamil Nadu,21.49,Industrial,Alluvial,Partly Irrigated,45185989,58277883,11.03752,76.93174
1797,454,Siruseri 5,Coimbatore,Coimbatore,Tamil Nadu,9.35,Forest,Alluvial,Non-Irrigated,51274785,58160570,11.02029,77.00564
1798,455,Siruseri 20,Coimbatore,Coimbatore,Tamil Nadu,7.78,Coastal,Black Cotton,Irrigated,15952218,18709553,11.06646,76.9977
1799,455,Perungalathur 6,Coimbatore,Coimbatore,Tamil Nadu,5.93,Commercial,Saline,Irrigated,20330405,26281116,10.99096,76.92574
1800,455,Pudur 11,Coimbatore,Coimbatore,Tamil Nadu,6.54,Commercial,Alluvial,Partly Irrigated,7782257,9486757,10.99888,76.95207
1801,455,Padur 1,Coimbatore,Coimbatore,Tamil Nadu,11.76,Forest,Red Soil,Non-Irrigated,10574968,11442349,10.98336,76.89958
1802,455,Thogamalai 4,Coimbatore,Coimbatore,Tamil Nadu,8.83,Agricultural,Sandy,Irrigated,12466420,13476268,10.9797,76.98177
1803,455,Sriperumbudur 8,Coimbatore,Coimbatore,Tamil Nadu,16.23,Forest,Black Cotton,Irrigated,15674161,20324283,11.05269,76.9807
1804,456,Neelambur 16,Coimbatore,Coimbatore,Tamil Nadu,13.35,Barren,Black Cotton,Irrigated,62078011,67968426,11.026,76.93231
1805,456,Siruseri 11,Coimbatore,Coimbatore,Tamil Nadu,22.4,Residential,Black Cotton,Non-Irrigated,63117644,75199045,11.00411,76.9059
1806,456,Sholinganallur 8,Coimbatore,Coimbatore,Tamil Nadu,12.63,Forest,Saline,Non-Irrigated,73209527,89875267,11.02453,76.90922
1807,457,Karanai 4,Coimbatore,Coimbatore,Tamil Nadu,23.71,Agricultural,Urban Fill,Partly Irrigated,73080917,85843772,10.9873,77.01426
1808,457,Ayappan Pattinam 19,Coimbatore,Coimbatore,Tamil Nadu,15.25,Barren,Urban Fill,Partly Irrigated,55894815,71744006,10.96533,76.93311
1809,457,Ayappan Pattinam 20,Coimbatore,Coimbatore,Tamil Nadu,23.9,Agricultural,Alluvial,Partly Irrigated,39200866,50396191,11.05594,76.91404
1810,457,Sholinganallur 19,Coimbatore,Coimbatore,Tamil Nadu,16.38,Residential,Sandy,Partly Irrigated,34942812,37382619,11.04792,76.91012
1811,458,Pudur 18,Cuddalore,Cuddalore,Tamil Nadu,16.54,Forest,Black Cotton,Partly Irrigated,9155024,9660361,11.71861,79.68691
1812,458,Padur 4,Cuddalore,Cuddalore,Tamil Nadu,7.41,Barren,Sandy,Irrigated,21290203,24797111,11.78874,79.68236
1813,459,Nandambakkam 3,Cuddalore,Cuddalore,Tamil Nadu,17.29,Barren,Urban Fill,Non-Irrigated,47107573,53247897,11.75493,79.65961
1814,459,Neelambur 11,Cuddalore,Cuddalore,Tamil Nadu,21.19,Forest,Black Cotton,Irrigated,38464977,46912145,11.69825,79.61687
1815,459,Samayapuram 2,Cuddalore,Cuddalore,Tamil Nadu,4.26,Barren,Sandy,Non-Irrigated,55202201,64838395,11.7924,79.65126
1816,459,Thogamalai 19,Cuddalore,Cuddalore,Tamil Nadu,23.32,Forest,Alluvial,Irrigated,73677878,87887091,11.73821,79.65977
1817,459,Perungalathur 13,Cuddalore,Cuddalore,Tamil Nadu,18.1,Agricultural,Red Soil,Partly Irrigated,43970328,59041792,11.80048,79.7045
1818,459,Manapakkam 15,Cuddalore,Cuddalore,Tamil Nadu,19.1,Industrial,Red Soil,Non-Irrigated,47878901,64093071,11.73361,79.61871
1819,460,Manapakkam 17,Cuddalore,Cuddalore,Tamil Nadu,12.8,Residential,Alluvial,Partly Irrigated,7288768,7704332,11.75338,79.68542
1820,460,Karanai 16,Cuddalore,Cuddalore,Tamil Nadu,18.32,Residential,Saline,Partly Irrigated,11411915,12637294,11.77351,79.65169
1821,461,Kallikudi 1,Cuddalore,Cuddalore,Tamil Nadu,24.18,Industrial,Urban Fill,Partly Irrigated,51593187,57542851,11.71965,79.62989
1822,461,Pudur 16,Cuddalore,Cuddalore,Tamil Nadu,10.42,Industrial,Urban Fill,Non-Irrigated,45853783,50536287,11.77381,79.65011
1823,461,Kelambakkam 19,Cuddalore,Cuddalore,Tamil Nadu,8.51,Industrial,Alluvial,Non-Irrigated,41019980,50201045,11.7472,79.67371
1824,461,Oragadam 11,Cuddalore,Cuddalore,Tamil Nadu,5.86,Coastal,Sandy,Non-Irrigated,48992870,62378642,11.76232,79.69431
1825,462,Nandambakkam 12,Thoothukudi,Thoothukudi,Tamil Nadu,20.92,Forest,Saline,Partly Irrigated,36939007,43574888,8.79564,78.07727
1826,462,Pudur 19,Thoothukudi,Thoothukudi,Tamil Nadu,8.51,Coastal,Red Soil,Non-Irrigated,61779174,70392437,8.81806,78.07684
1827,462,Sriperumbudur 10,Thoothukudi,Thoothukudi,Tamil Nadu,10.47,Coastal,Saline,Non-Irrigated,63315873,80502730,8.79423,78.03441
1828,462,Samayapuram 8,Thoothukudi,Thoothukudi,Tamil Nadu,17.08,Commercial,Urban Fill,Non-Irrigated,41657126,54497457,8.80978,78.08318
1829,462,Siruseri 4,Thoothukudi,Thoothukudi,Tamil Nadu,20.46,Forest,Sandy,Non-Irrigated,41924234,55010340,8.78444,78.03225
1830,462,Kelambakkam 20,Thoothukudi,Thoothukudi,Tamil Nadu,10.93,Coastal,Loamy,Non-Irrigated,27353272,32847314,8.73377,78.03224
1831,463,Siruseri 17,Thoothukudi,Thoothukudi,Tamil Nadu,10.04,Commercial,Saline,Irrigated,14487532,15347666,8.71258,78.04452
1832,463,Perungalathur 3,Thoothukudi,Thoothukudi,Tamil Nadu,13.96,Commercial,Loamy,Irrigated,11087153,11899472,8.81473,77.99896
1833,463,Padur 5,Thoothukudi,Thoothukudi,Tamil Nadu,8.09,Coastal,Loamy,Irrigated,9735573,12481422,8.71924,78.01742
1834,463,Pudur 2,Thoothukudi,Thoothukudi,Tamil Nadu,19.81,Forest,Alluvial,Partly Irrigated,16210346,17041559,8.72082,78.05529
1835,463,Sholinganallur 20,Thoothukudi,Thoothukudi,Tamil Nadu,10.8,Barren,Red Soil,Non-Irrigated,8953443,10633239,8.71962,78.04711
1836,463,Sholinganallur 4,Thoothukudi,Thoothukudi,Tamil Nadu,24.24,Agricultural,Red Soil,Irrigated,10750256,13886827,8.80078,78.02755
1837,464,Nandambakkam 10,Thoothukudi,Thoothukudi,Tamil Nadu,18.51,Commercial,Loamy,Partly Irrigated,41542847,49980306,8.79529,78.04656
1838,464,Manapakkam 10,Thoothukudi,Thoothukudi,Tamil Nadu,7.25,Commercial,Urban Fill,Irrigated,49637892,55164034,8.77812,78.04282
1839,464,Ayappan Pattinam 3,Thoothukudi,Thoothukudi,Tamil Nadu,18.46,Residential,Saline,Irrigated,42763144,53139836,8.7915,78.07672
1840,464,Pudur 9,Thoothukudi,Thoothukudi,Tamil Nadu,14.01,Industrial,Black Cotton,Partly Irrigated,29288337,37489332,8.76942,78.06707
1841,465,Karanai 11,Thoothukudi,Thoothukudi,Tamil Nadu,3.89,Commercial,Urban Fill,Partly Irrigated,61136710,67453525,8.81356,78.05524
1842,465,Sholinganallur 12,Thoothukudi,Thoothukudi,Tamil Nadu,24.71,Coastal,Black Cotton,Partly Irrigated,58868098,77432457,8.82113,78.0291
1843,465,Manapakkam 16,Thoothukudi,Thoothukudi,Tamil Nadu,24.94,Agricultural,Alluvial,Partly Irrigated,47568547,51337688,8.71566,78.09808
1844,465,Ayappan Pattinam 11,Thoothukudi,Thoothukudi,Tamil Nadu,7.38,Barren,Urban Fill,Irrigated,60252563,65217012,8.77047,78.03236
1845,465,Pammalur 9,Thoothukudi,Thoothukudi,Tamil Nadu,17.45,Coastal,Sandy,Irrigated,48862175,59182454,8.74113,78.02196
1846,465,Padur 16,Thoothukudi,Thoothukudi,Tamil Nadu,8.17,Forest,Sandy,Irrigated,65887609,72692147,8.72028,78.06362
1847,466,Karanai 4,Thoothukudi,Thoothukudi,Tamil Nadu,21.95,Residential,Red Soil,Irrigated,11955793,13646511,8.73879,78.00034
1848,466,Oragadam 19,Thoothukudi,Thoothukudi,Tamil Nadu,8.19,Industrial,Red Soil,Non-Irrigated,9714872,11521113,8.75143,78.03205
1849,467,Samayapuram 4,Thoothukudi,Thoothukudi,Tamil Nadu,16.07,Commercial,Saline,Non-Irrigated,7087794,8282357,8.75942,78.05031
1850,467,Oragadam 10,Thoothukudi,Thoothukudi,Tamil Nadu,15.72,Forest,Black Cotton,Irrigated,17133860,22276752,8.8183,78.08994
1851,467,Sholinganallur 12,Thoothukudi,Thoothukudi,Tamil Nadu,13.43,Coastal,Black Cotton,Partly Irrigated,15923424,19954201,8.81975,78.0212
1852,467,Sriperumbudur 4,Thoothukudi,Thoothukudi,Tamil Nadu,18.68,Barren,Sandy,Partly Irrigated,14104156,17903475,8.79322,78.04933
1853,467,Manapakkam 2,Thoothukudi,Thoothukudi,Tamil Nadu,21.12,Agricultural,Loamy,Non-Irrigated,8013717,9466386,8.74921,78.02563
1854,468,Sriperumbudur 13,Thoothukudi,Thoothukudi,Tamil Nadu,14.72,Residential,Black Cotton,Partly Irrigated,38319716,40961618,8.72058,78.03249
1855,468,Siruseri 7,Thoothukudi,Thoothukudi,Tamil Nadu,8.79,Coastal,Red Soil,Partly Irrigated,30363252,31978746,8.7655,78.0036
1856,468,Kelambakkam 13,Thoothukudi,Thoothukudi,Tamil Nadu,7.37,Residential,Black Cotton,Irrigated,63173545,74721509,8.79436,78.09388
1857,468,Siruseri 1,Thoothukudi,Thoothukudi,Tamil Nadu,15.76,Agricultural,Alluvial,Non-Irrigated,41411263,49891086,8.70522,78.06615
1858,468,Sriperumbudur 3,Thoothukudi,Thoothukudi,Tamil Nadu,24.03,Industrial,Black Cotton,Irrigated,39928574,52649578,8.76346,78.01313
1859,469,Sriperumbudur 7,Thoothukudi,Thoothukudi,Tamil Nadu,3.18,Commercial,Black Cotton,Irrigated,69839874,85812299,8.74354,78.05919
1860,469,Samayapuram 12,Thoothukudi,Thoothukudi,Tamil Nadu,8.12,Industrial,Saline,Partly Irrigated,46125492,55758669,8.72132,78.04063
1861,470,Perungalathur 17,Thoothukudi,Thoothukudi,Tamil Nadu,23.23,Barren,Saline,Non-Irrigated,13516521,17006583,8.80124,78.05422
1862,470,Siruseri 5,Thoothukudi,Thoothukudi,Tamil Nadu,10.62,Industrial,Loamy,Partly Irrigated,13999024,15059954,8.79583,78.05701
1863,470,Manapakkam 11,Thoothukudi,Thoothukudi,Tamil Nadu,18.07,Agricultural,Sandy,Partly Irrigated,10370567,12749550,8.707,78.00998
1864,470,Sholinganallur 12,Thoothukudi,Thoothukudi,Tamil Nadu,6.7,Industrial,Sandy,Partly Irrigated,8994617,10552536,8.80983,78.02592
1865,470,Thogamalai 2,Thoothukudi,Thoothukudi,Tamil Nadu,24.39,Residential,Alluvial,Partly Irrigated,18131320,23091275,8.81151,78.08222
1866,470,Madhavaram 9,Thoothukudi,Thoothukudi,Tamil Nadu,5.29,Barren,Alluvial,Irrigated,14761484,17750220,8.79233,78.09271
1867,471,Pammalur 11,Chengalpattu,Chengalpattu,Tamil Nadu,5.53,Residential,Black Cotton,Non-Irrigated,14811591,18907710,12.68365,79.99208
1868,471,Pammalur 13,Chengalpattu,Chengalpattu,Tamil Nadu,5.69,Commercial,Red Soil,Partly Irrigated,15132453,20255712,12.71984,79.9553
1869,471,Pammalur 11,Chengalpattu,Chengalpattu,Tamil Nadu,13.28,Agricultural,Black Cotton,Non-Irrigated,20320422,24883479,12.69164,79.98894
1870,472,Perungalathur 17,Chengalpattu,Chengalpattu,Tamil Nadu,17.37,Commercial,Red Soil,Non-Irrigated,26219369,33580315,12.73485,79.9687
1871,472,Thogamalai 5,Chengalpattu,Chengalpattu,Tamil Nadu,24.75,Coastal,Black Cotton,Non-Irrigated,44149211,58814506,12.68063,79.96917
1872,472,Sriperumbudur 16,Chengalpattu,Chengalpattu,Tamil Nadu,16.29,Agricultural,Red Soil,Irrigated,68365803,84766536,12.67816,79.99136
1873,473,Sriperumbudur 7,Chengalpattu,Chengalpattu,Tamil Nadu,6.21,Forest,Loamy,Irrigated,16938101,18753277,12.64602,79.9315
1874,473,Neelambur 16,Chengalpattu,Chengalpattu,Tamil Nadu,19.9,Barren,Loamy,Partly Irrigated,12339885,13617619,12.67064,80.03005
1875,474,Thogamalai 13,Chengalpattu,Chengalpattu,Tamil Nadu,17.16,Residential,Saline,Non-Irrigated,50745080,61208202,12.69456,79.92138
1876,474,Madhavaram 5,Chengalpattu,Chengalpattu,Tamil Nadu,7.33,Agricultural,Black Cotton,Partly Irrigated,42487990,48454885,12.65644,79.99546
1877,474,Oragadam 12,Chengalpattu,Chengalpattu,Tamil Nadu,6.15,Agricultural,Urban Fill,Irrigated,32214379,37439739,12.74064,79.94728
1878,474,Nandambakkam 1,Chengalpattu,Chengalpattu,Tamil Nadu,20.48,Agricultural,Black Cotton,Non-Irrigated,49532789,62957433,12.69893,79.99654
1879,475,Oragadam 17,Chengalpattu,Chengalpattu,Tamil Nadu,20.77,Residential,Alluvial,Partly Irrigated,13502200,17728688,12.6586,79.95949
1880,475,Madhavaram 14,Chengalpattu,Chengalpattu,Tamil Nadu,9.95,Coastal,Urban Fill,Partly Irrigated,10779957,14065109,12.67288,79.96622
1881,475,Sriperumbudur 7,Chengalpattu,Chengalpattu,Tamil Nadu,14.39,Forest,Saline,Irrigated,10348781,13234765,12.65148,79.92426
1882,475,Pudur 14,Chengalpattu,Chengalpattu,Tamil Nadu,14.93,Barren,Loamy,Partly Irrigated,14337408,15657261,12.682,80.0268
1883,475,Sholinganallur 3,Chengalpattu,Chengalpattu,Tamil Nadu,7.24,Residential,Sandy,Irrigated,9922929,11583150,12.71871,79.98184
1884,476,Perungalathur 18,Chengalpattu,Chengalpattu,Tamil Nadu,19.12,Barren,Loamy,Non-Irrigated,23131402,24391003,12.66549,79.95373
1885,476,Thogamalai 7,Chengalpattu,Chengalpattu,Tamil Nadu,19.23,Forest,Sandy,Irrigated,6171047,6688632,12.67434,80.01672
1886,476,Padur 20,Chengalpattu,Chengalpattu,Tamil Nadu,14.98,Residential,Loamy,Non-Irrigated,15153956,18148403,12.65229,79.93749
1887,477,Nandambakkam 13,Chengalpattu,Chengalpattu,Tamil Nadu,10.8,Forest,Sandy,Partly Irrigated,22113153,28797800,12.6896,79.9684
1888,477,Kallikudi 18,Chengalpattu,Chengalpattu,Tamil Nadu,10.83,Industrial,Red Soil,Non-Irrigated,14989152,17233233,12.73364,79.97021
1889,477,Oragadam 14,Chengalpattu,Chengalpattu,Tamil Nadu,20.45,Industrial,Loamy,Non-Irrigated,22566583,25099817,12.62925,79.97998
1890,477,Ayappan Pattinam 15,Chengalpattu,Chengalpattu,Tamil Nadu,23.28,Industrial,Alluvial,Irrigated,10114444,12850756,12.67148,79.9479
1891,477,Sriperumbudur 16,Chengalpattu,Chengalpattu,Tamil Nadu,12.22,Forest,Sandy,Non-Irrigated,16375478,19895629,12.68199,79.99315
1892,477,Kallikudi 9,Chengalpattu,Chengalpattu,Tamil Nadu,21.9,Agricultural,Saline,Non-Irrigated,8436250,9080244,12.7268,80.02459
1893,478,Madhavaram 19,Chengalpattu,Chengalpattu,Tamil Nadu,5.17,Coastal,Loamy,Partly Irrigated,15425312,19093922,12.72508,80.02555
1894,478,Samayapuram 20,Chengalpattu,Chengalpattu,Tamil Nadu,7.49,Barren,Red Soil,Partly Irrigated,14259922,17819783,12.68812,79.94696
1895,478,Sriperumbudur 5,Chengalpattu,Chengalpattu,Tamil Nadu,15.09,Barren,Loamy,Partly Irrigated,7404756,9835806,12.70479,79.97437
1896,479,Sholinganallur 2,Kancheepuram,Kancheepuram,Tamil Nadu,11.96,Barren,Black Cotton,Irrigated,38711615,45666923,12.82865,79.69672
1897,479,Oragadam 12,Kancheepuram,Kancheepuram,Tamil Nadu,16.32,Coastal,Sandy,Irrigated,40865909,45920133,12.8753,79.74574
1898,479,Padur 4,Kancheepuram,Kancheepuram,Tamil Nadu,12.19,Forest,Loamy,Non-Irrigated,57777364,65719563,12.77508,79.71741
1899,479,Nandambakkam 4,Kancheepuram,Kancheepuram,Tamil Nadu,11.12,Agricultural,Loamy,Partly Irrigated,30314052,32195675,12.79534,79.68262
1900,480,Oragadam 4,Kancheepuram,Kancheepuram,Tamil Nadu,21.82,Residential,Urban Fill,Non-Irrigated,15159910,19523867,12.82558,79.72123
1901,480,Sholinganallur 3,Kancheepuram,Kancheepuram,Tamil Nadu,23.66,Coastal,Black Cotton,Irrigated,8458777,9664267,12.84567,79.69195
1902,480,Pudur 15,Kancheepuram,Kancheepuram,Tamil Nadu,7.29,Forest,Black Cotton,Non-Irrigated,13535940,14704037,12.87993,79.71547
1903,480,Thogamalai 6,Kancheepuram,Kancheepuram,Tamil Nadu,24.73,Residential,Saline,Partly Irrigated,11689807,14898771,12.84425,79.71349
1904,480,Samayapuram 4,Kancheepuram,Kancheepuram,Tamil Nadu,16.49,Industrial,Urban Fill,Non-Irrigated,9122210,11101198,12.87711,79.75322
1905,480,Manapakkam 3,Kancheepuram,Kancheepuram,Tamil Nadu,12.78,Residential,Alluvial,Partly Irrigated,15178974,17820254,12.80809,79.70928
1906,481,Padur 15,Kancheepuram,Kancheepuram,Tamil Nadu,15.17,Barren,Red Soil,Irrigated,18049936,22981113,12.8647,79.73723
1907,481,Padur 5,Kancheepuram,Kancheepuram,Tamil Nadu,11.36,Commercial,Saline,Partly Irrigated,7577907,8080550,12.83023,79.74307
1908,481,Pammalur 12,Kancheepuram,Kancheepuram,Tamil Nadu,10.84,Forest,Loamy,Non-Irrigated,9347085,11333261,12.89268,79.74842
1909,481,Madhavaram 11,Kancheepuram,Kancheepuram,Tamil Nadu,4.17,Agricultural,Alluvial,Irrigated,6338077,7827453,12.87852,79.72797
1910,481,Nandambakkam 5,Kancheepuram,Kancheepuram,Tamil Nadu,7.84,Industrial,Black Cotton,Irrigated,6879234,7516464,12.84257,79.69088
1911,482,Kallikudi 15,Kancheepuram,Kancheepuram,Tamil Nadu,5.66,Barren,Saline,Irrigated,39217915,43697326,12.8573,79.7216
1912,482,Siruseri 5,Kancheepuram,Kancheepuram,Tamil Nadu,7.95,Barren,Alluvial,Partly Irrigated,47430641,62364377,12.83764,79.66995
1913,482,Oragadam 7,Kancheepuram,Kancheepuram,Tamil Nadu,17.57,Commercial,Urban Fill,Non-Irrigated,55017947,58691161,12.80436,79.69782
1914,483,Pudur 2,Kancheepuram,Kancheepuram,Tamil Nadu,10.87,Coastal,Red Soil,Non-Irrigated,19595741,24390132,12.78692,79.67806
1915,483,Kallikudi 19,Kancheepuram,Kancheepuram,Tamil Nadu,18.45,Forest,Saline,Irrigated,14272113,19146755,12.82006,79.71618
1916,483,Perungalathur 7,Kancheepuram,Kancheepuram,Tamil Nadu,22.96,Barren,Sandy,Irrigated,14226658,15587057,12.87036,79.75579
1917,483,Oragadam 13,Kancheepuram,Kancheepuram,Tamil Nadu,6.78,Coastal,Alluvial,Non-Irrigated,14929547,17980359,12.78585,79.71704
1918,483,Thogamalai 3,Kancheepuram,Kancheepuram,Tamil Nadu,7.92,Industrial,Urban Fill,Partly Irrigated,19256455,25074633,12.78596,79.72307
1919,483,Neelambur 16,Kancheepuram,Kancheepuram,Tamil Nadu,8.76,Forest,Red Soil,Irrigated,19666245,25575734,12.80175,79.73742
